gpu_id,worker,use_gpu,seed,state,reproducibility,data_path,checkpoint_dir,show_progress,save_dataset,dataset_save_path,save_dataloaders,dataloaders_save_path,log_wandb,wandb_project,shuffle,epochs,train_batch_size,learner,learning_rate,train_neg_sample_args,eval_step,stopping_step,clip_grad_norm,weight_decay,loss_decimal_place,require_pow,enable_amp,enable_scaler,transform,eval_args,repeatable,metrics,topk,valid_metric,valid_metric_bigger,eval_batch_size,metric_decimal_place,embedding_size,field_separator,seq_separator,USER_ID_FIELD,ITEM_ID_FIELD,RATING_FIELD,TIME_FIELD,seq_len,LABEL_FIELD,threshold,NEG_PREFIX,numerical_features,load_col,unload_col,unused_col,additional_feat_suffix,rm_dup_inter,val_interval,filter_inter_by_user_or_item,user_inter_num_interval,item_inter_num_interval,alias_of_user_id,alias_of_item_id,alias_of_entity_id,alias_of_relation_id,preload_weight,normalize_field,normalize_all,discretization,ITEM_LIST_LENGTH_FIELD,LIST_SUFFIX,MAX_ITEM_LIST_LENGTH,POSITION_FIELD,HEAD_ENTITY_ID_FIELD,TAIL_ENTITY_ID_FIELD,RELATION_ID_FIELD,ENTITY_ID_FIELD,kg_reverse_r,entity_kg_num_interval,relation_kg_num_interval,benchmark_filename,MODEL_TYPE,encoding,dataset,model,device,run_id,project_name
0,0,True,42,INFO,True,data/,saved/mind/BPR,True,False,,False,,False,recbole,True,50,2048,adam,0.001,"{'distribution': 'uniform', 'sample_num': 1, 'dynamic': False, 'candidate_num': 0, 'alpha': 1.0}",1,10,,0.0,4,False,False,False,,"{'group_by': 'user', 'order': 'RO', 'split': {'RS': [0.8, 0.1, 0.1]}, 'mode': 'full'}",False,"['Recall', 'MRR', 'NDCG', 'Hit', 'MAP', 'Precision', 'GAUC', 'ItemCoverage', 'AveragePopularity', 'GiniIndex', 'ShannonEntropy', 'TailPercentage']",10,MRR@10,True,4096,4,128,	, ,user_id,item_id,rating,timestamp,,label,,neg_,[],"{'inter': ['user_id', 'item_id']}",,,,,,True,"[0,inf)","[0,inf)",,,,,,,,,item_length,_list,50,position_id,head_id,tail_id,relation_id,entity_id,False,"[0,inf)","[0,inf)",,ModelType.GENERAL,utf-8,mind,BPR,cuda,d5301003-6ab4-4b7b-b070-d55b742b9ef9,MIND_BPR_PARAMS_TUNING_1704295805
0,0,True,42,INFO,True,data/,saved/mind/BPR,True,False,,False,,False,recbole,True,10,2048,adam,0.0001,"{'distribution': 'uniform', 'sample_num': 1, 'dynamic': False, 'candidate_num': 0, 'alpha': 1.0}",1,10,,0.0,4,False,False,False,,"{'group_by': 'user', 'order': 'RO', 'split': {'RS': [0.8, 0.1, 0.1]}, 'mode': 'full'}",False,"['Recall', 'MRR', 'NDCG', 'Hit', 'MAP', 'Precision', 'GAUC', 'ItemCoverage', 'AveragePopularity', 'GiniIndex', 'ShannonEntropy', 'TailPercentage']",10,MRR@10,True,4096,4,64,	, ,user_id,item_id,rating,timestamp,,label,,neg_,[],"{'inter': ['user_id', 'item_id']}",,,,,,True,"[0,inf)","[0,inf)",,,,,,,,,item_length,_list,50,position_id,head_id,tail_id,relation_id,entity_id,False,"[0,inf)","[0,inf)",,ModelType.GENERAL,utf-8,mind,BPR,cuda,ba89a124-4ce7-47d0-94aa-5a05ff0f8971,MIND_BPR_PARAMS_TUNING_1704295805
0,0,True,42,INFO,True,data/,saved/mind/BPR,True,False,,False,,False,recbole,True,100,2048,adam,0.001,"{'distribution': 'uniform', 'sample_num': 1, 'dynamic': False, 'candidate_num': 0, 'alpha': 1.0}",1,10,,0.0,4,False,False,False,,"{'group_by': 'user', 'order': 'RO', 'split': {'RS': [0.8, 0.1, 0.1]}, 'mode': 'full'}",False,"['Recall', 'MRR', 'NDCG', 'Hit', 'MAP', 'Precision', 'GAUC', 'ItemCoverage', 'AveragePopularity', 'GiniIndex', 'ShannonEntropy', 'TailPercentage']",10,MRR@10,True,4096,4,64,	, ,user_id,item_id,rating,timestamp,,label,,neg_,[],"{'inter': ['user_id', 'item_id']}",,,,,,True,"[0,inf)","[0,inf)",,,,,,,,,item_length,_list,50,position_id,head_id,tail_id,relation_id,entity_id,False,"[0,inf)","[0,inf)",,ModelType.GENERAL,utf-8,mind,BPR,cuda,b70a2db5-15db-4c06-8909-0a538f399a7c,MIND_BPR_PARAMS_TUNING_1704295805
0,0,True,42,INFO,True,data/,saved/mind/BPR,True,False,,False,,False,recbole,True,10,2048,adam,0.001,"{'distribution': 'uniform', 'sample_num': 1, 'dynamic': False, 'candidate_num': 0, 'alpha': 1.0}",1,10,,0.0,4,False,False,False,,"{'group_by': 'user', 'order': 'RO', 'split': {'RS': [0.8, 0.1, 0.1]}, 'mode': 'full'}",False,"['Recall', 'MRR', 'NDCG', 'Hit', 'MAP', 'Precision', 'GAUC', 'ItemCoverage', 'AveragePopularity', 'GiniIndex', 'ShannonEntropy', 'TailPercentage']",10,MRR@10,True,4096,4,128,	, ,user_id,item_id,rating,timestamp,,label,,neg_,[],"{'inter': ['user_id', 'item_id']}",,,,,,True,"[0,inf)","[0,inf)",,,,,,,,,item_length,_list,50,position_id,head_id,tail_id,relation_id,entity_id,False,"[0,inf)","[0,inf)",,ModelType.GENERAL,utf-8,mind,BPR,cuda,4a1c14d3-ad0c-410a-a740-7491a66ec66d,MIND_BPR_PARAMS_TUNING_1704295805
0,0,True,42,INFO,True,data/,saved/mind/BPR,True,False,,False,,False,recbole,True,100,2048,adam,0.0001,"{'distribution': 'uniform', 'sample_num': 1, 'dynamic': False, 'candidate_num': 0, 'alpha': 1.0}",1,10,,0.0,4,False,False,False,,"{'group_by': 'user', 'order': 'RO', 'split': {'RS': [0.8, 0.1, 0.1]}, 'mode': 'full'}",False,"['Recall', 'MRR', 'NDCG', 'Hit', 'MAP', 'Precision', 'GAUC', 'ItemCoverage', 'AveragePopularity', 'GiniIndex', 'ShannonEntropy', 'TailPercentage']",10,MRR@10,True,4096,4,64,	, ,user_id,item_id,rating,timestamp,,label,,neg_,[],"{'inter': ['user_id', 'item_id']}",,,,,,True,"[0,inf)","[0,inf)",,,,,,,,,item_length,_list,50,position_id,head_id,tail_id,relation_id,entity_id,False,"[0,inf)","[0,inf)",,ModelType.GENERAL,utf-8,mind,BPR,cuda,b352d980-ef4f-4858-a778-8ab67ba762bc,MIND_BPR_PARAMS_TUNING_1704295805
0,0,True,42,INFO,True,data/,saved/mind/BPR,True,False,,False,,False,recbole,True,100,2048,adam,0.01,"{'distribution': 'uniform', 'sample_num': 1, 'dynamic': False, 'candidate_num': 0, 'alpha': 1.0}",1,10,,0.0,4,False,False,False,,"{'group_by': 'user', 'order': 'RO', 'split': {'RS': [0.8, 0.1, 0.1]}, 'mode': 'full'}",False,"['Recall', 'MRR', 'NDCG', 'Hit', 'MAP', 'Precision', 'GAUC', 'ItemCoverage', 'AveragePopularity', 'GiniIndex', 'ShannonEntropy', 'TailPercentage']",10,MRR@10,True,4096,4,128,	, ,user_id,item_id,rating,timestamp,,label,,neg_,[],"{'inter': ['user_id', 'item_id']}",,,,,,True,"[0,inf)","[0,inf)",,,,,,,,,item_length,_list,50,position_id,head_id,tail_id,relation_id,entity_id,False,"[0,inf)","[0,inf)",,ModelType.GENERAL,utf-8,mind,BPR,cuda,23612a40-c245-4f9c-95d9-805765e64181,MIND_BPR_PARAMS_TUNING_1704295805
0,0,True,42,INFO,True,data/,saved/mind/BPR,True,False,,False,,False,recbole,True,10,2048,adam,0.01,"{'distribution': 'uniform', 'sample_num': 1, 'dynamic': False, 'candidate_num': 0, 'alpha': 1.0}",1,10,,0.0,4,False,False,False,,"{'group_by': 'user', 'order': 'RO', 'split': {'RS': [0.8, 0.1, 0.1]}, 'mode': 'full'}",False,"['Recall', 'MRR', 'NDCG', 'Hit', 'MAP', 'Precision', 'GAUC', 'ItemCoverage', 'AveragePopularity', 'GiniIndex', 'ShannonEntropy', 'TailPercentage']",10,MRR@10,True,4096,4,64,	, ,user_id,item_id,rating,timestamp,,label,,neg_,[],"{'inter': ['user_id', 'item_id']}",,,,,,True,"[0,inf)","[0,inf)",,,,,,,,,item_length,_list,50,position_id,head_id,tail_id,relation_id,entity_id,False,"[0,inf)","[0,inf)",,ModelType.GENERAL,utf-8,mind,BPR,cuda,6e765746-0704-471e-b210-01859165b66d,MIND_BPR_PARAMS_TUNING_1704295805
0,0,True,42,INFO,True,data/,saved/mind/BPR,True,False,,False,,False,recbole,True,50,2048,adam,0.01,"{'distribution': 'uniform', 'sample_num': 1, 'dynamic': False, 'candidate_num': 0, 'alpha': 1.0}",1,10,,0.0,4,False,False,False,,"{'group_by': 'user', 'order': 'RO', 'split': {'RS': [0.8, 0.1, 0.1]}, 'mode': 'full'}",False,"['Recall', 'MRR', 'NDCG', 'Hit', 'MAP', 'Precision', 'GAUC', 'ItemCoverage', 'AveragePopularity', 'GiniIndex', 'ShannonEntropy', 'TailPercentage']",10,MRR@10,True,4096,4,128,	, ,user_id,item_id,rating,timestamp,,label,,neg_,[],"{'inter': ['user_id', 'item_id']}",,,,,,True,"[0,inf)","[0,inf)",,,,,,,,,item_length,_list,50,position_id,head_id,tail_id,relation_id,entity_id,False,"[0,inf)","[0,inf)",,ModelType.GENERAL,utf-8,mind,BPR,cuda,57d9bec8-2f5f-46f3-bb30-ad69492ad58f,MIND_BPR_PARAMS_TUNING_1704295805
0,0,True,42,INFO,True,data/,saved/mind/BPR,True,False,,False,,False,recbole,True,50,2048,adam,0.001,"{'distribution': 'uniform', 'sample_num': 1, 'dynamic': False, 'candidate_num': 0, 'alpha': 1.0}",1,10,,0.0,4,False,False,False,,"{'group_by': 'user', 'order': 'RO', 'split': {'RS': [0.8, 0.1, 0.1]}, 'mode': 'full'}",False,"['Recall', 'MRR', 'NDCG', 'Hit', 'MAP', 'Precision', 'GAUC', 'ItemCoverage', 'AveragePopularity', 'GiniIndex', 'ShannonEntropy', 'TailPercentage']",10,MRR@10,True,4096,4,64,	, ,user_id,item_id,rating,timestamp,,label,,neg_,[],"{'inter': ['user_id', 'item_id']}",,,,,,True,"[0,inf)","[0,inf)",,,,,,,,,item_length,_list,50,position_id,head_id,tail_id,relation_id,entity_id,False,"[0,inf)","[0,inf)",,ModelType.GENERAL,utf-8,mind,BPR,cuda,ed9471a2-bc9e-4c08-b956-7b5deea7c674,MIND_BPR_PARAMS_TUNING_1704295805
0,0,True,42,INFO,True,data/,saved/mind/BPR,True,False,,False,,False,recbole,True,100,2048,adam,0.01,"{'distribution': 'uniform', 'sample_num': 1, 'dynamic': False, 'candidate_num': 0, 'alpha': 1.0}",1,10,,0.0,4,False,False,False,,"{'group_by': 'user', 'order': 'RO', 'split': {'RS': [0.8, 0.1, 0.1]}, 'mode': 'full'}",False,"['Recall', 'MRR', 'NDCG', 'Hit', 'MAP', 'Precision', 'GAUC', 'ItemCoverage', 'AveragePopularity', 'GiniIndex', 'ShannonEntropy', 'TailPercentage']",10,MRR@10,True,4096,4,64,	, ,user_id,item_id,rating,timestamp,,label,,neg_,[],"{'inter': ['user_id', 'item_id']}",,,,,,True,"[0,inf)","[0,inf)",,,,,,,,,item_length,_list,50,position_id,head_id,tail_id,relation_id,entity_id,False,"[0,inf)","[0,inf)",,ModelType.GENERAL,utf-8,mind,BPR,cuda,fb3233a0-f2bf-4f9f-bab6-0b3c3b4c230c,MIND_BPR_PARAMS_TUNING_1704295805
0,0,True,42,INFO,True,data/,saved/mind/BPR,True,False,,False,,False,recbole,True,100,2048,adam,0.0001,"{'distribution': 'uniform', 'sample_num': 1, 'dynamic': False, 'candidate_num': 0, 'alpha': 1.0}",1,10,,0.0,4,False,False,False,,"{'group_by': 'user', 'order': 'RO', 'split': {'RS': [0.8, 0.1, 0.1]}, 'mode': 'full'}",False,"['Recall', 'MRR', 'NDCG', 'Hit', 'MAP', 'Precision', 'GAUC', 'ItemCoverage', 'AveragePopularity', 'GiniIndex', 'ShannonEntropy', 'TailPercentage']",10,MRR@10,True,4096,4,32,	, ,user_id,item_id,rating,timestamp,,label,,neg_,[],"{'inter': ['user_id', 'item_id']}",,,,,,True,"[0,inf)","[0,inf)",,,,,,,,,item_length,_list,50,position_id,head_id,tail_id,relation_id,entity_id,False,"[0,inf)","[0,inf)",,ModelType.GENERAL,utf-8,mind,BPR,cuda,e05bb9b2-e1b9-42ca-ba21-e6a5e08ed3ff,MIND_BPR_PARAMS_TUNING_1704295805
0,0,True,42,INFO,True,data/,saved/mind/BPR,True,False,,False,,False,recbole,True,10,2048,adam,0.001,"{'distribution': 'uniform', 'sample_num': 1, 'dynamic': False, 'candidate_num': 0, 'alpha': 1.0}",1,10,,0.0,4,False,False,False,,"{'group_by': 'user', 'order': 'RO', 'split': {'RS': [0.8, 0.1, 0.1]}, 'mode': 'full'}",False,"['Recall', 'MRR', 'NDCG', 'Hit', 'MAP', 'Precision', 'GAUC', 'ItemCoverage', 'AveragePopularity', 'GiniIndex', 'ShannonEntropy', 'TailPercentage']",10,MRR@10,True,4096,4,64,	, ,user_id,item_id,rating,timestamp,,label,,neg_,[],"{'inter': ['user_id', 'item_id']}",,,,,,True,"[0,inf)","[0,inf)",,,,,,,,,item_length,_list,50,position_id,head_id,tail_id,relation_id,entity_id,False,"[0,inf)","[0,inf)",,ModelType.GENERAL,utf-8,mind,BPR,cuda,b933813c-bfb0-452a-af0e-43c62e5601c2,MIND_BPR_PARAMS_TUNING_1704295805
0,0,True,42,INFO,True,data/,saved/mind/BPR,True,False,,False,,False,recbole,True,50,2048,adam,0.0001,"{'distribution': 'uniform', 'sample_num': 1, 'dynamic': False, 'candidate_num': 0, 'alpha': 1.0}",1,10,,0.0,4,False,False,False,,"{'group_by': 'user', 'order': 'RO', 'split': {'RS': [0.8, 0.1, 0.1]}, 'mode': 'full'}",False,"['Recall', 'MRR', 'NDCG', 'Hit', 'MAP', 'Precision', 'GAUC', 'ItemCoverage', 'AveragePopularity', 'GiniIndex', 'ShannonEntropy', 'TailPercentage']",10,MRR@10,True,4096,4,64,	, ,user_id,item_id,rating,timestamp,,label,,neg_,[],"{'inter': ['user_id', 'item_id']}",,,,,,True,"[0,inf)","[0,inf)",,,,,,,,,item_length,_list,50,position_id,head_id,tail_id,relation_id,entity_id,False,"[0,inf)","[0,inf)",,ModelType.GENERAL,utf-8,mind,BPR,cuda,885b9e5f-35e2-4fdf-bad0-f38eb526ee8e,MIND_BPR_PARAMS_TUNING_1704295805
0,0,True,42,INFO,True,data/,saved/mind/BPR,True,False,,False,,False,recbole,True,50,2048,adam,0.01,"{'distribution': 'uniform', 'sample_num': 1, 'dynamic': False, 'candidate_num': 0, 'alpha': 1.0}",1,10,,0.0,4,False,False,False,,"{'group_by': 'user', 'order': 'RO', 'split': {'RS': [0.8, 0.1, 0.1]}, 'mode': 'full'}",False,"['Recall', 'MRR', 'NDCG', 'Hit', 'MAP', 'Precision', 'GAUC', 'ItemCoverage', 'AveragePopularity', 'GiniIndex', 'ShannonEntropy', 'TailPercentage']",10,MRR@10,True,4096,4,64,	, ,user_id,item_id,rating,timestamp,,label,,neg_,[],"{'inter': ['user_id', 'item_id']}",,,,,,True,"[0,inf)","[0,inf)",,,,,,,,,item_length,_list,50,position_id,head_id,tail_id,relation_id,entity_id,False,"[0,inf)","[0,inf)",,ModelType.GENERAL,utf-8,mind,BPR,cuda,55a52333-b69b-4108-8285-f0359ed666b8,MIND_BPR_PARAMS_TUNING_1704295805
0,0,True,42,INFO,True,data/,saved/mind/BPR,True,False,,False,,False,recbole,True,10,2048,adam,0.001,"{'distribution': 'uniform', 'sample_num': 1, 'dynamic': False, 'candidate_num': 0, 'alpha': 1.0}",1,10,,0.0,4,False,False,False,,"{'group_by': 'user', 'order': 'RO', 'split': {'RS': [0.8, 0.1, 0.1]}, 'mode': 'full'}",False,"['Recall', 'MRR', 'NDCG', 'Hit', 'MAP', 'Precision', 'GAUC', 'ItemCoverage', 'AveragePopularity', 'GiniIndex', 'ShannonEntropy', 'TailPercentage']",10,MRR@10,True,4096,4,32,	, ,user_id,item_id,rating,timestamp,,label,,neg_,[],"{'inter': ['user_id', 'item_id']}",,,,,,True,"[0,inf)","[0,inf)",,,,,,,,,item_length,_list,50,position_id,head_id,tail_id,relation_id,entity_id,False,"[0,inf)","[0,inf)",,ModelType.GENERAL,utf-8,mind,BPR,cuda,8aaff9bc-6ed3-41c2-9efe-129e726e9de9,MIND_BPR_PARAMS_TUNING_1704295805
0,0,True,42,INFO,True,data/,saved/mind/BPR,True,False,,False,,False,recbole,True,10,2048,adam,0.0001,"{'distribution': 'uniform', 'sample_num': 1, 'dynamic': False, 'candidate_num': 0, 'alpha': 1.0}",1,10,,0.0,4,False,False,False,,"{'group_by': 'user', 'order': 'RO', 'split': {'RS': [0.8, 0.1, 0.1]}, 'mode': 'full'}",False,"['Recall', 'MRR', 'NDCG', 'Hit', 'MAP', 'Precision', 'GAUC', 'ItemCoverage', 'AveragePopularity', 'GiniIndex', 'ShannonEntropy', 'TailPercentage']",10,MRR@10,True,4096,4,32,	, ,user_id,item_id,rating,timestamp,,label,,neg_,[],"{'inter': ['user_id', 'item_id']}",,,,,,True,"[0,inf)","[0,inf)",,,,,,,,,item_length,_list,50,position_id,head_id,tail_id,relation_id,entity_id,False,"[0,inf)","[0,inf)",,ModelType.GENERAL,utf-8,mind,BPR,cuda,edcc27cc-60e6-42e5-a5eb-c5ae702228ad,MIND_BPR_PARAMS_TUNING_1704295805
0,0,True,42,INFO,True,data/,saved/mind/BPR,True,False,,False,,False,recbole,True,100,2048,adam,0.001,"{'distribution': 'uniform', 'sample_num': 1, 'dynamic': False, 'candidate_num': 0, 'alpha': 1.0}",1,10,,0.0,4,False,False,False,,"{'group_by': 'user', 'order': 'RO', 'split': {'RS': [0.8, 0.1, 0.1]}, 'mode': 'full'}",False,"['Recall', 'MRR', 'NDCG', 'Hit', 'MAP', 'Precision', 'GAUC', 'ItemCoverage', 'AveragePopularity', 'GiniIndex', 'ShannonEntropy', 'TailPercentage']",10,MRR@10,True,4096,4,128,	, ,user_id,item_id,rating,timestamp,,label,,neg_,[],"{'inter': ['user_id', 'item_id']}",,,,,,True,"[0,inf)","[0,inf)",,,,,,,,,item_length,_list,50,position_id,head_id,tail_id,relation_id,entity_id,False,"[0,inf)","[0,inf)",,ModelType.GENERAL,utf-8,mind,BPR,cuda,aa96d830-5aa0-4cbf-8181-1fdb5373ee56,MIND_BPR_PARAMS_TUNING_1704295805
0,0,True,42,INFO,True,data/,saved/mind/BPR,True,False,,False,,False,recbole,True,50,2048,adam,0.01,"{'distribution': 'uniform', 'sample_num': 1, 'dynamic': False, 'candidate_num': 0, 'alpha': 1.0}",1,10,,0.0,4,False,False,False,,"{'group_by': 'user', 'order': 'RO', 'split': {'RS': [0.8, 0.1, 0.1]}, 'mode': 'full'}",False,"['Recall', 'MRR', 'NDCG', 'Hit', 'MAP', 'Precision', 'GAUC', 'ItemCoverage', 'AveragePopularity', 'GiniIndex', 'ShannonEntropy', 'TailPercentage']",10,MRR@10,True,4096,4,32,	, ,user_id,item_id,rating,timestamp,,label,,neg_,[],"{'inter': ['user_id', 'item_id']}",,,,,,True,"[0,inf)","[0,inf)",,,,,,,,,item_length,_list,50,position_id,head_id,tail_id,relation_id,entity_id,False,"[0,inf)","[0,inf)",,ModelType.GENERAL,utf-8,mind,BPR,cuda,ed1a741a-d7fd-4763-9299-aea34c33970f,MIND_BPR_PARAMS_TUNING_1704295805
0,0,True,42,INFO,True,data/,saved/mind/BPR,True,False,,False,,False,recbole,True,100,2048,adam,0.01,"{'distribution': 'uniform', 'sample_num': 1, 'dynamic': False, 'candidate_num': 0, 'alpha': 1.0}",1,10,,0.0,4,False,False,False,,"{'group_by': 'user', 'order': 'RO', 'split': {'RS': [0.8, 0.1, 0.1]}, 'mode': 'full'}",False,"['Recall', 'MRR', 'NDCG', 'Hit', 'MAP', 'Precision', 'GAUC', 'ItemCoverage', 'AveragePopularity', 'GiniIndex', 'ShannonEntropy', 'TailPercentage']",10,MRR@10,True,4096,4,32,	, ,user_id,item_id,rating,timestamp,,label,,neg_,[],"{'inter': ['user_id', 'item_id']}",,,,,,True,"[0,inf)","[0,inf)",,,,,,,,,item_length,_list,50,position_id,head_id,tail_id,relation_id,entity_id,False,"[0,inf)","[0,inf)",,ModelType.GENERAL,utf-8,mind,BPR,cuda,019606aa-049c-402d-bd11-2b754de70b69,MIND_BPR_PARAMS_TUNING_1704295805
0,0,True,42,INFO,True,data/,saved/mind/BPR,True,False,,False,,False,recbole,True,100,2048,adam,0.001,"{'distribution': 'uniform', 'sample_num': 1, 'dynamic': False, 'candidate_num': 0, 'alpha': 1.0}",1,10,,0.0,4,False,False,False,,"{'group_by': 'user', 'order': 'RO', 'split': {'RS': [0.8, 0.1, 0.1]}, 'mode': 'full'}",False,"['Recall', 'MRR', 'NDCG', 'Hit', 'MAP', 'Precision', 'GAUC', 'ItemCoverage', 'AveragePopularity', 'GiniIndex', 'ShannonEntropy', 'TailPercentage']",10,MRR@10,True,4096,4,32,	, ,user_id,item_id,rating,timestamp,,label,,neg_,[],"{'inter': ['user_id', 'item_id']}",,,,,,True,"[0,inf)","[0,inf)",,,,,,,,,item_length,_list,50,position_id,head_id,tail_id,relation_id,entity_id,False,"[0,inf)","[0,inf)",,ModelType.GENERAL,utf-8,mind,BPR,cuda,11d4453b-e9b3-4834-893b-9a13e31eac0f,MIND_BPR_PARAMS_TUNING_1704295805
0,0,True,42,INFO,True,data/,saved/mind/BPR,True,False,,False,,False,recbole,True,50,2048,adam,0.001,"{'distribution': 'uniform', 'sample_num': 1, 'dynamic': False, 'candidate_num': 0, 'alpha': 1.0}",1,10,,0.0,4,False,False,False,,"{'group_by': 'user', 'order': 'RO', 'split': {'RS': [0.8, 0.1, 0.1]}, 'mode': 'full'}",False,"['Recall', 'MRR', 'NDCG', 'Hit', 'MAP', 'Precision', 'GAUC', 'ItemCoverage', 'AveragePopularity', 'GiniIndex', 'ShannonEntropy', 'TailPercentage']",10,MRR@10,True,4096,4,32,	, ,user_id,item_id,rating,timestamp,,label,,neg_,[],"{'inter': ['user_id', 'item_id']}",,,,,,True,"[0,inf)","[0,inf)",,,,,,,,,item_length,_list,50,position_id,head_id,tail_id,relation_id,entity_id,False,"[0,inf)","[0,inf)",,ModelType.GENERAL,utf-8,mind,BPR,cuda,a788ab0b-3d73-457a-8dc2-513558caff0e,MIND_BPR_PARAMS_TUNING_1704295805
0,0,True,42,INFO,True,data/,saved/mind/BPR,True,False,,False,,False,recbole,True,100,2048,adam,0.0001,"{'distribution': 'uniform', 'sample_num': 1, 'dynamic': False, 'candidate_num': 0, 'alpha': 1.0}",1,10,,0.0,4,False,False,False,,"{'group_by': 'user', 'order': 'RO', 'split': {'RS': [0.8, 0.1, 0.1]}, 'mode': 'full'}",False,"['Recall', 'MRR', 'NDCG', 'Hit', 'MAP', 'Precision', 'GAUC', 'ItemCoverage', 'AveragePopularity', 'GiniIndex', 'ShannonEntropy', 'TailPercentage']",10,MRR@10,True,4096,4,128,	, ,user_id,item_id,rating,timestamp,,label,,neg_,[],"{'inter': ['user_id', 'item_id']}",,,,,,True,"[0,inf)","[0,inf)",,,,,,,,,item_length,_list,50,position_id,head_id,tail_id,relation_id,entity_id,False,"[0,inf)","[0,inf)",,ModelType.GENERAL,utf-8,mind,BPR,cuda,e651563f-0abb-4828-bae3-ee2e1f6c9334,MIND_BPR_PARAMS_TUNING_1704295805
0,0,True,42,INFO,True,data/,saved/mind/BPR,True,False,,False,,False,recbole,True,50,2048,adam,0.0001,"{'distribution': 'uniform', 'sample_num': 1, 'dynamic': False, 'candidate_num': 0, 'alpha': 1.0}",1,10,,0.0,4,False,False,False,,"{'group_by': 'user', 'order': 'RO', 'split': {'RS': [0.8, 0.1, 0.1]}, 'mode': 'full'}",False,"['Recall', 'MRR', 'NDCG', 'Hit', 'MAP', 'Precision', 'GAUC', 'ItemCoverage', 'AveragePopularity', 'GiniIndex', 'ShannonEntropy', 'TailPercentage']",10,MRR@10,True,4096,4,32,	, ,user_id,item_id,rating,timestamp,,label,,neg_,[],"{'inter': ['user_id', 'item_id']}",,,,,,True,"[0,inf)","[0,inf)",,,,,,,,,item_length,_list,50,position_id,head_id,tail_id,relation_id,entity_id,False,"[0,inf)","[0,inf)",,ModelType.GENERAL,utf-8,mind,BPR,cuda,a8f06fa4-45e5-467b-877a-55bc56abc524,MIND_BPR_PARAMS_TUNING_1704295805
0,0,True,42,INFO,True,data/,saved/mind/BPR,True,False,,False,,False,recbole,True,10,2048,adam,0.01,"{'distribution': 'uniform', 'sample_num': 1, 'dynamic': False, 'candidate_num': 0, 'alpha': 1.0}",1,10,,0.0,4,False,False,False,,"{'group_by': 'user', 'order': 'RO', 'split': {'RS': [0.8, 0.1, 0.1]}, 'mode': 'full'}",False,"['Recall', 'MRR', 'NDCG', 'Hit', 'MAP', 'Precision', 'GAUC', 'ItemCoverage', 'AveragePopularity', 'GiniIndex', 'ShannonEntropy', 'TailPercentage']",10,MRR@10,True,4096,4,128,	, ,user_id,item_id,rating,timestamp,,label,,neg_,[],"{'inter': ['user_id', 'item_id']}",,,,,,True,"[0,inf)","[0,inf)",,,,,,,,,item_length,_list,50,position_id,head_id,tail_id,relation_id,entity_id,False,"[0,inf)","[0,inf)",,ModelType.GENERAL,utf-8,mind,BPR,cuda,f6fecfc5-7236-44fc-92aa-dbc94885bb9c,MIND_BPR_PARAMS_TUNING_1704295805
0,0,True,42,INFO,True,data/,saved/mind/BPR,True,False,,False,,False,recbole,True,50,2048,adam,0.0001,"{'distribution': 'uniform', 'sample_num': 1, 'dynamic': False, 'candidate_num': 0, 'alpha': 1.0}",1,10,,0.0,4,False,False,False,,"{'group_by': 'user', 'order': 'RO', 'split': {'RS': [0.8, 0.1, 0.1]}, 'mode': 'full'}",False,"['Recall', 'MRR', 'NDCG', 'Hit', 'MAP', 'Precision', 'GAUC', 'ItemCoverage', 'AveragePopularity', 'GiniIndex', 'ShannonEntropy', 'TailPercentage']",10,MRR@10,True,4096,4,128,	, ,user_id,item_id,rating,timestamp,,label,,neg_,[],"{'inter': ['user_id', 'item_id']}",,,,,,True,"[0,inf)","[0,inf)",,,,,,,,,item_length,_list,50,position_id,head_id,tail_id,relation_id,entity_id,False,"[0,inf)","[0,inf)",,ModelType.GENERAL,utf-8,mind,BPR,cuda,d5bfdbb9-d267-4897-962f-975e46f3e089,MIND_BPR_PARAMS_TUNING_1704295805
0,0,True,42,INFO,True,data/,saved/mind/BPR,True,False,,False,,False,recbole,True,10,2048,adam,0.01,"{'distribution': 'uniform', 'sample_num': 1, 'dynamic': False, 'candidate_num': 0, 'alpha': 1.0}",1,10,,0.0,4,False,False,False,,"{'group_by': 'user', 'order': 'RO', 'split': {'RS': [0.8, 0.1, 0.1]}, 'mode': 'full'}",False,"['Recall', 'MRR', 'NDCG', 'Hit', 'MAP', 'Precision', 'GAUC', 'ItemCoverage', 'AveragePopularity', 'GiniIndex', 'ShannonEntropy', 'TailPercentage']",10,MRR@10,True,4096,4,32,	, ,user_id,item_id,rating,timestamp,,label,,neg_,[],"{'inter': ['user_id', 'item_id']}",,,,,,True,"[0,inf)","[0,inf)",,,,,,,,,item_length,_list,50,position_id,head_id,tail_id,relation_id,entity_id,False,"[0,inf)","[0,inf)",,ModelType.GENERAL,utf-8,mind,BPR,cuda,edeea0a4-d8f9-4952-9857-49706ce8cd4a,MIND_BPR_PARAMS_TUNING_1704295805
0,0,True,42,INFO,True,data/,saved/mind/BPR,True,False,,False,,False,recbole,True,10,2048,adam,0.0001,"{'distribution': 'uniform', 'sample_num': 1, 'dynamic': False, 'candidate_num': 0, 'alpha': 1.0}",1,10,,0.0,4,False,False,False,,"{'group_by': 'user', 'order': 'RO', 'split': {'RS': [0.8, 0.1, 0.1]}, 'mode': 'full'}",False,"['Recall', 'MRR', 'NDCG', 'Hit', 'MAP', 'Precision', 'GAUC', 'ItemCoverage', 'AveragePopularity', 'GiniIndex', 'ShannonEntropy', 'TailPercentage']",10,MRR@10,True,4096,4,128,	, ,user_id,item_id,rating,timestamp,,label,,neg_,[],"{'inter': ['user_id', 'item_id']}",,,,,,True,"[0,inf)","[0,inf)",,,,,,,,,item_length,_list,50,position_id,head_id,tail_id,relation_id,entity_id,False,"[0,inf)","[0,inf)",,ModelType.GENERAL,utf-8,mind,BPR,cuda,ecb81ccd-5abf-40b7-8094-c5deee12b8a5,MIND_BPR_PARAMS_TUNING_1704295805
