gpu_id,worker,use_gpu,seed,state,reproducibility,data_path,checkpoint_dir,show_progress,save_dataset,dataset_save_path,save_dataloaders,dataloaders_save_path,log_wandb,wandb_project,shuffle,epochs,train_batch_size,learner,learning_rate,train_neg_sample_args,eval_step,stopping_step,clip_grad_norm,weight_decay,loss_decimal_place,require_pow,enable_amp,enable_scaler,transform,eval_args,repeatable,metrics,topk,valid_metric,valid_metric_bigger,eval_batch_size,metric_decimal_place,inter_matrix_type,user_embedding_size,item_embedding_size,user_hidden_size_list,item_hidden_size_list,embedding_size,field_separator,seq_separator,USER_ID_FIELD,ITEM_ID_FIELD,RATING_FIELD,TIME_FIELD,seq_len,LABEL_FIELD,threshold,NEG_PREFIX,numerical_features,load_col,unload_col,unused_col,additional_feat_suffix,rm_dup_inter,val_interval,filter_inter_by_user_or_item,user_inter_num_interval,item_inter_num_interval,alias_of_user_id,alias_of_item_id,alias_of_entity_id,alias_of_relation_id,preload_weight,normalize_field,normalize_all,discretization,ITEM_LIST_LENGTH_FIELD,LIST_SUFFIX,MAX_ITEM_LIST_LENGTH,POSITION_FIELD,HEAD_ENTITY_ID_FIELD,TAIL_ENTITY_ID_FIELD,RELATION_ID_FIELD,ENTITY_ID_FIELD,kg_reverse_r,entity_kg_num_interval,relation_kg_num_interval,benchmark_filename,MODEL_TYPE,encoding,dataset,model,device,item_layers_dim,user_layers_dim,run_id,project_name
0,0,True,42,INFO,True,data/,saved/amazon_books_60core_kg/DMF,True,False,,False,,False,recbole,True,10,2048,adam,0.001,"{'distribution': 'uniform', 'sample_num': 1, 'dynamic': False, 'candidate_num': 0, 'alpha': 1.0}",1,10,,0.0,4,False,False,False,,"{'group_by': 'user', 'order': 'RO', 'split': {'RS': [0.8, 0.1, 0.1]}, 'mode': 'full'}",False,"['Recall', 'MRR', 'NDCG', 'Hit', 'MAP', 'Precision', 'GAUC', 'ItemCoverage', 'AveragePopularity', 'GiniIndex', 'ShannonEntropy', 'TailPercentage']",10,MRR@10,True,4096,4,01,64,64,"[64, 64]","[64, 64]",10,	, ,user_id,item_id,rating,timestamp,,label,,neg_,[],"{'inter': ['user_id', 'item_id']}",,,,,,True,"[0,inf)","[0,inf)",,,,,,,,,item_length,_list,50,position_id,head_id,tail_id,relation_id,entity_id,False,"[0,inf)","[0,inf)",,ModelType.GENERAL,utf-8,amazon_books_60core_kg,DMF,cuda,"[128, 64]","[64, 32]",aa29e41e-59d2-4dad-8d59-33c506878698,AMAZON_BOOKS_60CORE_KG_DMF_PARAMS_TUNING_1702717203
0,0,True,42,INFO,True,data/,saved/amazon_books_60core_kg/DMF,True,False,,False,,False,recbole,True,100,2048,adam,0.0001,"{'distribution': 'uniform', 'sample_num': 1, 'dynamic': False, 'candidate_num': 0, 'alpha': 1.0}",1,10,,0.0,4,False,False,False,,"{'group_by': 'user', 'order': 'RO', 'split': {'RS': [0.8, 0.1, 0.1]}, 'mode': 'full'}",False,"['Recall', 'MRR', 'NDCG', 'Hit', 'MAP', 'Precision', 'GAUC', 'ItemCoverage', 'AveragePopularity', 'GiniIndex', 'ShannonEntropy', 'TailPercentage']",10,MRR@10,True,4096,4,01,64,64,"[64, 64]","[64, 64]",10,	, ,user_id,item_id,rating,timestamp,,label,,neg_,[],"{'inter': ['user_id', 'item_id']}",,,,,,True,"[0,inf)","[0,inf)",,,,,,,,,item_length,_list,50,position_id,head_id,tail_id,relation_id,entity_id,False,"[0,inf)","[0,inf)",,ModelType.GENERAL,utf-8,amazon_books_60core_kg,DMF,cuda,"[64, 32]","[64, 32]",b4fd814f-d6ba-4bd6-ac6e-f02928588f2a,AMAZON_BOOKS_60CORE_KG_DMF_PARAMS_TUNING_1702717203
0,0,True,42,INFO,True,data/,saved/amazon_books_60core_kg/DMF,True,False,,False,,False,recbole,True,100,2048,adam,0.0001,"{'distribution': 'uniform', 'sample_num': 1, 'dynamic': False, 'candidate_num': 0, 'alpha': 1.0}",1,10,,0.0,4,False,False,False,,"{'group_by': 'user', 'order': 'RO', 'split': {'RS': [0.8, 0.1, 0.1]}, 'mode': 'full'}",False,"['Recall', 'MRR', 'NDCG', 'Hit', 'MAP', 'Precision', 'GAUC', 'ItemCoverage', 'AveragePopularity', 'GiniIndex', 'ShannonEntropy', 'TailPercentage']",10,MRR@10,True,4096,4,01,64,64,"[64, 64]","[64, 64]",10,	, ,user_id,item_id,rating,timestamp,,label,,neg_,[],"{'inter': ['user_id', 'item_id']}",,,,,,True,"[0,inf)","[0,inf)",,,,,,,,,item_length,_list,50,position_id,head_id,tail_id,relation_id,entity_id,False,"[0,inf)","[0,inf)",,ModelType.GENERAL,utf-8,amazon_books_60core_kg,DMF,cuda,"[128, 64]","[128, 64]",771ee529-fdfb-42a2-b13a-2831ea1e75f9,AMAZON_BOOKS_60CORE_KG_DMF_PARAMS_TUNING_1702717203
0,0,True,42,INFO,True,data/,saved/amazon_books_60core_kg/DMF,True,False,,False,,False,recbole,True,100,2048,adam,0.01,"{'distribution': 'uniform', 'sample_num': 1, 'dynamic': False, 'candidate_num': 0, 'alpha': 1.0}",1,10,,0.0,4,False,False,False,,"{'group_by': 'user', 'order': 'RO', 'split': {'RS': [0.8, 0.1, 0.1]}, 'mode': 'full'}",False,"['Recall', 'MRR', 'NDCG', 'Hit', 'MAP', 'Precision', 'GAUC', 'ItemCoverage', 'AveragePopularity', 'GiniIndex', 'ShannonEntropy', 'TailPercentage']",10,MRR@10,True,4096,4,01,64,64,"[64, 64]","[64, 64]",10,	, ,user_id,item_id,rating,timestamp,,label,,neg_,[],"{'inter': ['user_id', 'item_id']}",,,,,,True,"[0,inf)","[0,inf)",,,,,,,,,item_length,_list,50,position_id,head_id,tail_id,relation_id,entity_id,False,"[0,inf)","[0,inf)",,ModelType.GENERAL,utf-8,amazon_books_60core_kg,DMF,cuda,"[64, 64]","[128, 64]",630c1026-6767-43bd-893d-a59f601972a3,AMAZON_BOOKS_60CORE_KG_DMF_PARAMS_TUNING_1702717203
0,0,True,42,INFO,True,data/,saved/amazon_books_60core_kg/DMF,True,False,,False,,False,recbole,True,50,2048,adam,0.001,"{'distribution': 'uniform', 'sample_num': 1, 'dynamic': False, 'candidate_num': 0, 'alpha': 1.0}",1,10,,0.0,4,False,False,False,,"{'group_by': 'user', 'order': 'RO', 'split': {'RS': [0.8, 0.1, 0.1]}, 'mode': 'full'}",False,"['Recall', 'MRR', 'NDCG', 'Hit', 'MAP', 'Precision', 'GAUC', 'ItemCoverage', 'AveragePopularity', 'GiniIndex', 'ShannonEntropy', 'TailPercentage']",10,MRR@10,True,4096,4,01,64,64,"[64, 64]","[64, 64]",10,	, ,user_id,item_id,rating,timestamp,,label,,neg_,[],"{'inter': ['user_id', 'item_id']}",,,,,,True,"[0,inf)","[0,inf)",,,,,,,,,item_length,_list,50,position_id,head_id,tail_id,relation_id,entity_id,False,"[0,inf)","[0,inf)",,ModelType.GENERAL,utf-8,amazon_books_60core_kg,DMF,cuda,"[128, 64]","[64, 64]",9519465c-dd18-4015-8bf7-e7d9b143228f,AMAZON_BOOKS_60CORE_KG_DMF_PARAMS_TUNING_1702717203
0,0,True,42,INFO,True,data/,saved/amazon_books_60core_kg/DMF,True,False,,False,,False,recbole,True,10,2048,adam,0.001,"{'distribution': 'uniform', 'sample_num': 1, 'dynamic': False, 'candidate_num': 0, 'alpha': 1.0}",1,10,,0.0,4,False,False,False,,"{'group_by': 'user', 'order': 'RO', 'split': {'RS': [0.8, 0.1, 0.1]}, 'mode': 'full'}",False,"['Recall', 'MRR', 'NDCG', 'Hit', 'MAP', 'Precision', 'GAUC', 'ItemCoverage', 'AveragePopularity', 'GiniIndex', 'ShannonEntropy', 'TailPercentage']",10,MRR@10,True,4096,4,01,64,64,"[64, 64]","[64, 64]",10,	, ,user_id,item_id,rating,timestamp,,label,,neg_,[],"{'inter': ['user_id', 'item_id']}",,,,,,True,"[0,inf)","[0,inf)",,,,,,,,,item_length,_list,50,position_id,head_id,tail_id,relation_id,entity_id,False,"[0,inf)","[0,inf)",,ModelType.GENERAL,utf-8,amazon_books_60core_kg,DMF,cuda,"[128, 64]","[64, 64]",c1038b1b-2528-404e-8d56-9406ff25cd8b,AMAZON_BOOKS_60CORE_KG_DMF_PARAMS_TUNING_1702717203
0,0,True,42,INFO,True,data/,saved/amazon_books_60core_kg/DMF,True,False,,False,,False,recbole,True,50,2048,adam,0.001,"{'distribution': 'uniform', 'sample_num': 1, 'dynamic': False, 'candidate_num': 0, 'alpha': 1.0}",1,10,,0.0,4,False,False,False,,"{'group_by': 'user', 'order': 'RO', 'split': {'RS': [0.8, 0.1, 0.1]}, 'mode': 'full'}",False,"['Recall', 'MRR', 'NDCG', 'Hit', 'MAP', 'Precision', 'GAUC', 'ItemCoverage', 'AveragePopularity', 'GiniIndex', 'ShannonEntropy', 'TailPercentage']",10,MRR@10,True,4096,4,01,64,64,"[64, 64]","[64, 64]",10,	, ,user_id,item_id,rating,timestamp,,label,,neg_,[],"{'inter': ['user_id', 'item_id']}",,,,,,True,"[0,inf)","[0,inf)",,,,,,,,,item_length,_list,50,position_id,head_id,tail_id,relation_id,entity_id,False,"[0,inf)","[0,inf)",,ModelType.GENERAL,utf-8,amazon_books_60core_kg,DMF,cuda,"[64, 32]","[64, 64]",8cb4733b-d8e6-4beb-8f09-9b522d8bfd63,AMAZON_BOOKS_60CORE_KG_DMF_PARAMS_TUNING_1702717203
0,0,True,42,INFO,True,data/,saved/amazon_books_60core_kg/DMF,True,False,,False,,False,recbole,True,10,2048,adam,0.0001,"{'distribution': 'uniform', 'sample_num': 1, 'dynamic': False, 'candidate_num': 0, 'alpha': 1.0}",1,10,,0.0,4,False,False,False,,"{'group_by': 'user', 'order': 'RO', 'split': {'RS': [0.8, 0.1, 0.1]}, 'mode': 'full'}",False,"['Recall', 'MRR', 'NDCG', 'Hit', 'MAP', 'Precision', 'GAUC', 'ItemCoverage', 'AveragePopularity', 'GiniIndex', 'ShannonEntropy', 'TailPercentage']",10,MRR@10,True,4096,4,01,64,64,"[64, 64]","[64, 64]",10,	, ,user_id,item_id,rating,timestamp,,label,,neg_,[],"{'inter': ['user_id', 'item_id']}",,,,,,True,"[0,inf)","[0,inf)",,,,,,,,,item_length,_list,50,position_id,head_id,tail_id,relation_id,entity_id,False,"[0,inf)","[0,inf)",,ModelType.GENERAL,utf-8,amazon_books_60core_kg,DMF,cuda,"[128, 64]","[64, 32]",589ade70-38de-4c4c-8e4b-3cf8d4092fe5,AMAZON_BOOKS_60CORE_KG_DMF_PARAMS_TUNING_1702717203
0,0,True,42,INFO,True,data/,saved/amazon_books_60core_kg/DMF,True,False,,False,,False,recbole,True,50,2048,adam,0.0001,"{'distribution': 'uniform', 'sample_num': 1, 'dynamic': False, 'candidate_num': 0, 'alpha': 1.0}",1,10,,0.0,4,False,False,False,,"{'group_by': 'user', 'order': 'RO', 'split': {'RS': [0.8, 0.1, 0.1]}, 'mode': 'full'}",False,"['Recall', 'MRR', 'NDCG', 'Hit', 'MAP', 'Precision', 'GAUC', 'ItemCoverage', 'AveragePopularity', 'GiniIndex', 'ShannonEntropy', 'TailPercentage']",10,MRR@10,True,4096,4,01,64,64,"[64, 64]","[64, 64]",10,	, ,user_id,item_id,rating,timestamp,,label,,neg_,[],"{'inter': ['user_id', 'item_id']}",,,,,,True,"[0,inf)","[0,inf)",,,,,,,,,item_length,_list,50,position_id,head_id,tail_id,relation_id,entity_id,False,"[0,inf)","[0,inf)",,ModelType.GENERAL,utf-8,amazon_books_60core_kg,DMF,cuda,"[64, 32]","[64, 64]",37bb9e24-be0d-4291-a379-62269cda5480,AMAZON_BOOKS_60CORE_KG_DMF_PARAMS_TUNING_1702717203
0,0,True,42,INFO,True,data/,saved/amazon_books_60core_kg/DMF,True,False,,False,,False,recbole,True,100,2048,adam,0.001,"{'distribution': 'uniform', 'sample_num': 1, 'dynamic': False, 'candidate_num': 0, 'alpha': 1.0}",1,10,,0.0,4,False,False,False,,"{'group_by': 'user', 'order': 'RO', 'split': {'RS': [0.8, 0.1, 0.1]}, 'mode': 'full'}",False,"['Recall', 'MRR', 'NDCG', 'Hit', 'MAP', 'Precision', 'GAUC', 'ItemCoverage', 'AveragePopularity', 'GiniIndex', 'ShannonEntropy', 'TailPercentage']",10,MRR@10,True,4096,4,01,64,64,"[64, 64]","[64, 64]",10,	, ,user_id,item_id,rating,timestamp,,label,,neg_,[],"{'inter': ['user_id', 'item_id']}",,,,,,True,"[0,inf)","[0,inf)",,,,,,,,,item_length,_list,50,position_id,head_id,tail_id,relation_id,entity_id,False,"[0,inf)","[0,inf)",,ModelType.GENERAL,utf-8,amazon_books_60core_kg,DMF,cuda,"[64, 64]","[64, 64]",58c3d61b-f683-4757-9fba-ddf47be66352,AMAZON_BOOKS_60CORE_KG_DMF_PARAMS_TUNING_1702717203
0,0,True,42,INFO,True,data/,saved/amazon_books_60core_kg/DMF,True,False,,False,,False,recbole,True,50,2048,adam,0.01,"{'distribution': 'uniform', 'sample_num': 1, 'dynamic': False, 'candidate_num': 0, 'alpha': 1.0}",1,10,,0.0,4,False,False,False,,"{'group_by': 'user', 'order': 'RO', 'split': {'RS': [0.8, 0.1, 0.1]}, 'mode': 'full'}",False,"['Recall', 'MRR', 'NDCG', 'Hit', 'MAP', 'Precision', 'GAUC', 'ItemCoverage', 'AveragePopularity', 'GiniIndex', 'ShannonEntropy', 'TailPercentage']",10,MRR@10,True,4096,4,01,64,64,"[64, 64]","[64, 64]",10,	, ,user_id,item_id,rating,timestamp,,label,,neg_,[],"{'inter': ['user_id', 'item_id']}",,,,,,True,"[0,inf)","[0,inf)",,,,,,,,,item_length,_list,50,position_id,head_id,tail_id,relation_id,entity_id,False,"[0,inf)","[0,inf)",,ModelType.GENERAL,utf-8,amazon_books_60core_kg,DMF,cuda,"[64, 32]","[128, 64]",65cf4712-e232-4d40-8423-27700ba5b871,AMAZON_BOOKS_60CORE_KG_DMF_PARAMS_TUNING_1702717203
0,0,True,42,INFO,True,data/,saved/amazon_books_60core_kg/DMF,True,False,,False,,False,recbole,True,10,2048,adam,0.001,"{'distribution': 'uniform', 'sample_num': 1, 'dynamic': False, 'candidate_num': 0, 'alpha': 1.0}",1,10,,0.0,4,False,False,False,,"{'group_by': 'user', 'order': 'RO', 'split': {'RS': [0.8, 0.1, 0.1]}, 'mode': 'full'}",False,"['Recall', 'MRR', 'NDCG', 'Hit', 'MAP', 'Precision', 'GAUC', 'ItemCoverage', 'AveragePopularity', 'GiniIndex', 'ShannonEntropy', 'TailPercentage']",10,MRR@10,True,4096,4,01,64,64,"[64, 64]","[64, 64]",10,	, ,user_id,item_id,rating,timestamp,,label,,neg_,[],"{'inter': ['user_id', 'item_id']}",,,,,,True,"[0,inf)","[0,inf)",,,,,,,,,item_length,_list,50,position_id,head_id,tail_id,relation_id,entity_id,False,"[0,inf)","[0,inf)",,ModelType.GENERAL,utf-8,amazon_books_60core_kg,DMF,cuda,"[64, 32]","[128, 64]",9511feaf-bf5c-4e21-9e0b-2a370e651fb3,AMAZON_BOOKS_60CORE_KG_DMF_PARAMS_TUNING_1702717203
0,0,True,42,INFO,True,data/,saved/amazon_books_60core_kg/DMF,True,False,,False,,False,recbole,True,50,2048,adam,0.01,"{'distribution': 'uniform', 'sample_num': 1, 'dynamic': False, 'candidate_num': 0, 'alpha': 1.0}",1,10,,0.0,4,False,False,False,,"{'group_by': 'user', 'order': 'RO', 'split': {'RS': [0.8, 0.1, 0.1]}, 'mode': 'full'}",False,"['Recall', 'MRR', 'NDCG', 'Hit', 'MAP', 'Precision', 'GAUC', 'ItemCoverage', 'AveragePopularity', 'GiniIndex', 'ShannonEntropy', 'TailPercentage']",10,MRR@10,True,4096,4,01,64,64,"[64, 64]","[64, 64]",10,	, ,user_id,item_id,rating,timestamp,,label,,neg_,[],"{'inter': ['user_id', 'item_id']}",,,,,,True,"[0,inf)","[0,inf)",,,,,,,,,item_length,_list,50,position_id,head_id,tail_id,relation_id,entity_id,False,"[0,inf)","[0,inf)",,ModelType.GENERAL,utf-8,amazon_books_60core_kg,DMF,cuda,"[64, 32]","[64, 64]",933a1644-9f8b-49cf-8d70-cc9e5af59462,AMAZON_BOOKS_60CORE_KG_DMF_PARAMS_TUNING_1702717203
0,0,True,42,INFO,True,data/,saved/amazon_books_60core_kg/DMF,True,False,,False,,False,recbole,True,100,2048,adam,0.01,"{'distribution': 'uniform', 'sample_num': 1, 'dynamic': False, 'candidate_num': 0, 'alpha': 1.0}",1,10,,0.0,4,False,False,False,,"{'group_by': 'user', 'order': 'RO', 'split': {'RS': [0.8, 0.1, 0.1]}, 'mode': 'full'}",False,"['Recall', 'MRR', 'NDCG', 'Hit', 'MAP', 'Precision', 'GAUC', 'ItemCoverage', 'AveragePopularity', 'GiniIndex', 'ShannonEntropy', 'TailPercentage']",10,MRR@10,True,4096,4,01,64,64,"[64, 64]","[64, 64]",10,	, ,user_id,item_id,rating,timestamp,,label,,neg_,[],"{'inter': ['user_id', 'item_id']}",,,,,,True,"[0,inf)","[0,inf)",,,,,,,,,item_length,_list,50,position_id,head_id,tail_id,relation_id,entity_id,False,"[0,inf)","[0,inf)",,ModelType.GENERAL,utf-8,amazon_books_60core_kg,DMF,cuda,"[128, 64]","[64, 64]",1c19a3f7-7f93-4302-a764-591334d9f261,AMAZON_BOOKS_60CORE_KG_DMF_PARAMS_TUNING_1702717203
0,0,True,42,INFO,True,data/,saved/amazon_books_60core_kg/DMF,True,False,,False,,False,recbole,True,100,2048,adam,0.0001,"{'distribution': 'uniform', 'sample_num': 1, 'dynamic': False, 'candidate_num': 0, 'alpha': 1.0}",1,10,,0.0,4,False,False,False,,"{'group_by': 'user', 'order': 'RO', 'split': {'RS': [0.8, 0.1, 0.1]}, 'mode': 'full'}",False,"['Recall', 'MRR', 'NDCG', 'Hit', 'MAP', 'Precision', 'GAUC', 'ItemCoverage', 'AveragePopularity', 'GiniIndex', 'ShannonEntropy', 'TailPercentage']",10,MRR@10,True,4096,4,01,64,64,"[64, 64]","[64, 64]",10,	, ,user_id,item_id,rating,timestamp,,label,,neg_,[],"{'inter': ['user_id', 'item_id']}",,,,,,True,"[0,inf)","[0,inf)",,,,,,,,,item_length,_list,50,position_id,head_id,tail_id,relation_id,entity_id,False,"[0,inf)","[0,inf)",,ModelType.GENERAL,utf-8,amazon_books_60core_kg,DMF,cuda,"[64, 64]","[64, 32]",7a80ddef-25b1-4bc8-9e59-dc19705a7011,AMAZON_BOOKS_60CORE_KG_DMF_PARAMS_TUNING_1702717203
0,0,True,42,INFO,True,data/,saved/amazon_books_60core_kg/DMF,True,False,,False,,False,recbole,True,50,2048,adam,0.01,"{'distribution': 'uniform', 'sample_num': 1, 'dynamic': False, 'candidate_num': 0, 'alpha': 1.0}",1,10,,0.0,4,False,False,False,,"{'group_by': 'user', 'order': 'RO', 'split': {'RS': [0.8, 0.1, 0.1]}, 'mode': 'full'}",False,"['Recall', 'MRR', 'NDCG', 'Hit', 'MAP', 'Precision', 'GAUC', 'ItemCoverage', 'AveragePopularity', 'GiniIndex', 'ShannonEntropy', 'TailPercentage']",10,MRR@10,True,4096,4,01,64,64,"[64, 64]","[64, 64]",10,	, ,user_id,item_id,rating,timestamp,,label,,neg_,[],"{'inter': ['user_id', 'item_id']}",,,,,,True,"[0,inf)","[0,inf)",,,,,,,,,item_length,_list,50,position_id,head_id,tail_id,relation_id,entity_id,False,"[0,inf)","[0,inf)",,ModelType.GENERAL,utf-8,amazon_books_60core_kg,DMF,cuda,"[128, 64]","[128, 64]",641158c2-1b38-44b7-bac6-08850dc005a0,AMAZON_BOOKS_60CORE_KG_DMF_PARAMS_TUNING_1702717203
0,0,True,42,INFO,True,data/,saved/amazon_books_60core_kg/DMF,True,False,,False,,False,recbole,True,10,2048,adam,0.01,"{'distribution': 'uniform', 'sample_num': 1, 'dynamic': False, 'candidate_num': 0, 'alpha': 1.0}",1,10,,0.0,4,False,False,False,,"{'group_by': 'user', 'order': 'RO', 'split': {'RS': [0.8, 0.1, 0.1]}, 'mode': 'full'}",False,"['Recall', 'MRR', 'NDCG', 'Hit', 'MAP', 'Precision', 'GAUC', 'ItemCoverage', 'AveragePopularity', 'GiniIndex', 'ShannonEntropy', 'TailPercentage']",10,MRR@10,True,4096,4,01,64,64,"[64, 64]","[64, 64]",10,	, ,user_id,item_id,rating,timestamp,,label,,neg_,[],"{'inter': ['user_id', 'item_id']}",,,,,,True,"[0,inf)","[0,inf)",,,,,,,,,item_length,_list,50,position_id,head_id,tail_id,relation_id,entity_id,False,"[0,inf)","[0,inf)",,ModelType.GENERAL,utf-8,amazon_books_60core_kg,DMF,cuda,"[64, 64]","[128, 64]",beddbac1-67ee-423b-954b-fa84c634dd34,AMAZON_BOOKS_60CORE_KG_DMF_PARAMS_TUNING_1702717203
0,0,True,42,INFO,True,data/,saved/amazon_books_60core_kg/DMF,True,False,,False,,False,recbole,True,10,2048,adam,0.01,"{'distribution': 'uniform', 'sample_num': 1, 'dynamic': False, 'candidate_num': 0, 'alpha': 1.0}",1,10,,0.0,4,False,False,False,,"{'group_by': 'user', 'order': 'RO', 'split': {'RS': [0.8, 0.1, 0.1]}, 'mode': 'full'}",False,"['Recall', 'MRR', 'NDCG', 'Hit', 'MAP', 'Precision', 'GAUC', 'ItemCoverage', 'AveragePopularity', 'GiniIndex', 'ShannonEntropy', 'TailPercentage']",10,MRR@10,True,4096,4,01,64,64,"[64, 64]","[64, 64]",10,	, ,user_id,item_id,rating,timestamp,,label,,neg_,[],"{'inter': ['user_id', 'item_id']}",,,,,,True,"[0,inf)","[0,inf)",,,,,,,,,item_length,_list,50,position_id,head_id,tail_id,relation_id,entity_id,False,"[0,inf)","[0,inf)",,ModelType.GENERAL,utf-8,amazon_books_60core_kg,DMF,cuda,"[64, 32]","[64, 64]",708f5062-bb6f-4bb2-95ca-13bd6523909e,AMAZON_BOOKS_60CORE_KG_DMF_PARAMS_TUNING_1702717203
0,0,True,42,INFO,True,data/,saved/amazon_books_60core_kg/DMF,True,False,,False,,False,recbole,True,100,2048,adam,0.01,"{'distribution': 'uniform', 'sample_num': 1, 'dynamic': False, 'candidate_num': 0, 'alpha': 1.0}",1,10,,0.0,4,False,False,False,,"{'group_by': 'user', 'order': 'RO', 'split': {'RS': [0.8, 0.1, 0.1]}, 'mode': 'full'}",False,"['Recall', 'MRR', 'NDCG', 'Hit', 'MAP', 'Precision', 'GAUC', 'ItemCoverage', 'AveragePopularity', 'GiniIndex', 'ShannonEntropy', 'TailPercentage']",10,MRR@10,True,4096,4,01,64,64,"[64, 64]","[64, 64]",10,	, ,user_id,item_id,rating,timestamp,,label,,neg_,[],"{'inter': ['user_id', 'item_id']}",,,,,,True,"[0,inf)","[0,inf)",,,,,,,,,item_length,_list,50,position_id,head_id,tail_id,relation_id,entity_id,False,"[0,inf)","[0,inf)",,ModelType.GENERAL,utf-8,amazon_books_60core_kg,DMF,cuda,"[64, 32]","[128, 64]",937c3b82-ff9c-437c-8238-36a15ae2c633,AMAZON_BOOKS_60CORE_KG_DMF_PARAMS_TUNING_1702717203
0,0,True,42,INFO,True,data/,saved/amazon_books_60core_kg/DMF,True,False,,False,,False,recbole,True,10,2048,adam,0.001,"{'distribution': 'uniform', 'sample_num': 1, 'dynamic': False, 'candidate_num': 0, 'alpha': 1.0}",1,10,,0.0,4,False,False,False,,"{'group_by': 'user', 'order': 'RO', 'split': {'RS': [0.8, 0.1, 0.1]}, 'mode': 'full'}",False,"['Recall', 'MRR', 'NDCG', 'Hit', 'MAP', 'Precision', 'GAUC', 'ItemCoverage', 'AveragePopularity', 'GiniIndex', 'ShannonEntropy', 'TailPercentage']",10,MRR@10,True,4096,4,01,64,64,"[64, 64]","[64, 64]",10,	, ,user_id,item_id,rating,timestamp,,label,,neg_,[],"{'inter': ['user_id', 'item_id']}",,,,,,True,"[0,inf)","[0,inf)",,,,,,,,,item_length,_list,50,position_id,head_id,tail_id,relation_id,entity_id,False,"[0,inf)","[0,inf)",,ModelType.GENERAL,utf-8,amazon_books_60core_kg,DMF,cuda,"[64, 32]","[64, 32]",b247594e-b13a-4422-bcd0-ec896ed770f5,AMAZON_BOOKS_60CORE_KG_DMF_PARAMS_TUNING_1702717203
0,0,True,42,INFO,True,data/,saved/amazon_books_60core_kg/DMF,True,False,,False,,False,recbole,True,100,2048,adam,0.01,"{'distribution': 'uniform', 'sample_num': 1, 'dynamic': False, 'candidate_num': 0, 'alpha': 1.0}",1,10,,0.0,4,False,False,False,,"{'group_by': 'user', 'order': 'RO', 'split': {'RS': [0.8, 0.1, 0.1]}, 'mode': 'full'}",False,"['Recall', 'MRR', 'NDCG', 'Hit', 'MAP', 'Precision', 'GAUC', 'ItemCoverage', 'AveragePopularity', 'GiniIndex', 'ShannonEntropy', 'TailPercentage']",10,MRR@10,True,4096,4,01,64,64,"[64, 64]","[64, 64]",10,	, ,user_id,item_id,rating,timestamp,,label,,neg_,[],"{'inter': ['user_id', 'item_id']}",,,,,,True,"[0,inf)","[0,inf)",,,,,,,,,item_length,_list,50,position_id,head_id,tail_id,relation_id,entity_id,False,"[0,inf)","[0,inf)",,ModelType.GENERAL,utf-8,amazon_books_60core_kg,DMF,cuda,"[64, 64]","[64, 64]",09d243a0-8ef4-42db-85ef-898912b06d5a,AMAZON_BOOKS_60CORE_KG_DMF_PARAMS_TUNING_1702717203
0,0,True,42,INFO,True,data/,saved/amazon_books_60core_kg/DMF,True,False,,False,,False,recbole,True,10,2048,adam,0.01,"{'distribution': 'uniform', 'sample_num': 1, 'dynamic': False, 'candidate_num': 0, 'alpha': 1.0}",1,10,,0.0,4,False,False,False,,"{'group_by': 'user', 'order': 'RO', 'split': {'RS': [0.8, 0.1, 0.1]}, 'mode': 'full'}",False,"['Recall', 'MRR', 'NDCG', 'Hit', 'MAP', 'Precision', 'GAUC', 'ItemCoverage', 'AveragePopularity', 'GiniIndex', 'ShannonEntropy', 'TailPercentage']",10,MRR@10,True,4096,4,01,64,64,"[64, 64]","[64, 64]",10,	, ,user_id,item_id,rating,timestamp,,label,,neg_,[],"{'inter': ['user_id', 'item_id']}",,,,,,True,"[0,inf)","[0,inf)",,,,,,,,,item_length,_list,50,position_id,head_id,tail_id,relation_id,entity_id,False,"[0,inf)","[0,inf)",,ModelType.GENERAL,utf-8,amazon_books_60core_kg,DMF,cuda,"[64, 32]","[128, 64]",348ce9a5-ebde-46a0-ae42-d2011325ee07,AMAZON_BOOKS_60CORE_KG_DMF_PARAMS_TUNING_1702717203
0,0,True,42,INFO,True,data/,saved/amazon_books_60core_kg/DMF,True,False,,False,,False,recbole,True,100,2048,adam,0.01,"{'distribution': 'uniform', 'sample_num': 1, 'dynamic': False, 'candidate_num': 0, 'alpha': 1.0}",1,10,,0.0,4,False,False,False,,"{'group_by': 'user', 'order': 'RO', 'split': {'RS': [0.8, 0.1, 0.1]}, 'mode': 'full'}",False,"['Recall', 'MRR', 'NDCG', 'Hit', 'MAP', 'Precision', 'GAUC', 'ItemCoverage', 'AveragePopularity', 'GiniIndex', 'ShannonEntropy', 'TailPercentage']",10,MRR@10,True,4096,4,01,64,64,"[64, 64]","[64, 64]",10,	, ,user_id,item_id,rating,timestamp,,label,,neg_,[],"{'inter': ['user_id', 'item_id']}",,,,,,True,"[0,inf)","[0,inf)",,,,,,,,,item_length,_list,50,position_id,head_id,tail_id,relation_id,entity_id,False,"[0,inf)","[0,inf)",,ModelType.GENERAL,utf-8,amazon_books_60core_kg,DMF,cuda,"[64, 64]","[64, 32]",226590e2-bef2-4101-89f4-f106259fc771,AMAZON_BOOKS_60CORE_KG_DMF_PARAMS_TUNING_1702717203
0,0,True,42,INFO,True,data/,saved/amazon_books_60core_kg/DMF,True,False,,False,,False,recbole,True,50,2048,adam,0.0001,"{'distribution': 'uniform', 'sample_num': 1, 'dynamic': False, 'candidate_num': 0, 'alpha': 1.0}",1,10,,0.0,4,False,False,False,,"{'group_by': 'user', 'order': 'RO', 'split': {'RS': [0.8, 0.1, 0.1]}, 'mode': 'full'}",False,"['Recall', 'MRR', 'NDCG', 'Hit', 'MAP', 'Precision', 'GAUC', 'ItemCoverage', 'AveragePopularity', 'GiniIndex', 'ShannonEntropy', 'TailPercentage']",10,MRR@10,True,4096,4,01,64,64,"[64, 64]","[64, 64]",10,	, ,user_id,item_id,rating,timestamp,,label,,neg_,[],"{'inter': ['user_id', 'item_id']}",,,,,,True,"[0,inf)","[0,inf)",,,,,,,,,item_length,_list,50,position_id,head_id,tail_id,relation_id,entity_id,False,"[0,inf)","[0,inf)",,ModelType.GENERAL,utf-8,amazon_books_60core_kg,DMF,cuda,"[128, 64]","[64, 32]",b89c7994-0dd2-4f37-9c94-a2d73084af19,AMAZON_BOOKS_60CORE_KG_DMF_PARAMS_TUNING_1702717203
0,0,True,42,INFO,True,data/,saved/amazon_books_60core_kg/DMF,True,False,,False,,False,recbole,True,100,2048,adam,0.001,"{'distribution': 'uniform', 'sample_num': 1, 'dynamic': False, 'candidate_num': 0, 'alpha': 1.0}",1,10,,0.0,4,False,False,False,,"{'group_by': 'user', 'order': 'RO', 'split': {'RS': [0.8, 0.1, 0.1]}, 'mode': 'full'}",False,"['Recall', 'MRR', 'NDCG', 'Hit', 'MAP', 'Precision', 'GAUC', 'ItemCoverage', 'AveragePopularity', 'GiniIndex', 'ShannonEntropy', 'TailPercentage']",10,MRR@10,True,4096,4,01,64,64,"[64, 64]","[64, 64]",10,	, ,user_id,item_id,rating,timestamp,,label,,neg_,[],"{'inter': ['user_id', 'item_id']}",,,,,,True,"[0,inf)","[0,inf)",,,,,,,,,item_length,_list,50,position_id,head_id,tail_id,relation_id,entity_id,False,"[0,inf)","[0,inf)",,ModelType.GENERAL,utf-8,amazon_books_60core_kg,DMF,cuda,"[64, 32]","[64, 32]",7652185b-d044-4bf3-93eb-3627e8cfc8b4,AMAZON_BOOKS_60CORE_KG_DMF_PARAMS_TUNING_1702717203
0,0,True,42,INFO,True,data/,saved/amazon_books_60core_kg/DMF,True,False,,False,,False,recbole,True,50,2048,adam,0.0001,"{'distribution': 'uniform', 'sample_num': 1, 'dynamic': False, 'candidate_num': 0, 'alpha': 1.0}",1,10,,0.0,4,False,False,False,,"{'group_by': 'user', 'order': 'RO', 'split': {'RS': [0.8, 0.1, 0.1]}, 'mode': 'full'}",False,"['Recall', 'MRR', 'NDCG', 'Hit', 'MAP', 'Precision', 'GAUC', 'ItemCoverage', 'AveragePopularity', 'GiniIndex', 'ShannonEntropy', 'TailPercentage']",10,MRR@10,True,4096,4,01,64,64,"[64, 64]","[64, 64]",10,	, ,user_id,item_id,rating,timestamp,,label,,neg_,[],"{'inter': ['user_id', 'item_id']}",,,,,,True,"[0,inf)","[0,inf)",,,,,,,,,item_length,_list,50,position_id,head_id,tail_id,relation_id,entity_id,False,"[0,inf)","[0,inf)",,ModelType.GENERAL,utf-8,amazon_books_60core_kg,DMF,cuda,"[128, 64]","[64, 64]",4c825a7e-b868-4758-9d44-b4bacf633d02,AMAZON_BOOKS_60CORE_KG_DMF_PARAMS_TUNING_1702717203
0,0,True,42,INFO,True,data/,saved/amazon_books_60core_kg/DMF,True,False,,False,,False,recbole,True,10,2048,adam,0.01,"{'distribution': 'uniform', 'sample_num': 1, 'dynamic': False, 'candidate_num': 0, 'alpha': 1.0}",1,10,,0.0,4,False,False,False,,"{'group_by': 'user', 'order': 'RO', 'split': {'RS': [0.8, 0.1, 0.1]}, 'mode': 'full'}",False,"['Recall', 'MRR', 'NDCG', 'Hit', 'MAP', 'Precision', 'GAUC', 'ItemCoverage', 'AveragePopularity', 'GiniIndex', 'ShannonEntropy', 'TailPercentage']",10,MRR@10,True,4096,4,01,64,64,"[64, 64]","[64, 64]",10,	, ,user_id,item_id,rating,timestamp,,label,,neg_,[],"{'inter': ['user_id', 'item_id']}",,,,,,True,"[0,inf)","[0,inf)",,,,,,,,,item_length,_list,50,position_id,head_id,tail_id,relation_id,entity_id,False,"[0,inf)","[0,inf)",,ModelType.GENERAL,utf-8,amazon_books_60core_kg,DMF,cuda,"[128, 64]","[128, 64]",8af789e6-3c3f-4821-a5a6-8d9b73c4ed18,AMAZON_BOOKS_60CORE_KG_DMF_PARAMS_TUNING_1702717203
0,0,True,42,INFO,True,data/,saved/amazon_books_60core_kg/DMF,True,False,,False,,False,recbole,True,10,2048,adam,0.0001,"{'distribution': 'uniform', 'sample_num': 1, 'dynamic': False, 'candidate_num': 0, 'alpha': 1.0}",1,10,,0.0,4,False,False,False,,"{'group_by': 'user', 'order': 'RO', 'split': {'RS': [0.8, 0.1, 0.1]}, 'mode': 'full'}",False,"['Recall', 'MRR', 'NDCG', 'Hit', 'MAP', 'Precision', 'GAUC', 'ItemCoverage', 'AveragePopularity', 'GiniIndex', 'ShannonEntropy', 'TailPercentage']",10,MRR@10,True,4096,4,01,64,64,"[64, 64]","[64, 64]",10,	, ,user_id,item_id,rating,timestamp,,label,,neg_,[],"{'inter': ['user_id', 'item_id']}",,,,,,True,"[0,inf)","[0,inf)",,,,,,,,,item_length,_list,50,position_id,head_id,tail_id,relation_id,entity_id,False,"[0,inf)","[0,inf)",,ModelType.GENERAL,utf-8,amazon_books_60core_kg,DMF,cuda,"[128, 64]","[128, 64]",509153ae-aca6-4b96-a550-39300ddaca0e,AMAZON_BOOKS_60CORE_KG_DMF_PARAMS_TUNING_1702717203
0,0,True,42,INFO,True,data/,saved/amazon_books_60core_kg/DMF,True,False,,False,,False,recbole,True,100,2048,adam,0.001,"{'distribution': 'uniform', 'sample_num': 1, 'dynamic': False, 'candidate_num': 0, 'alpha': 1.0}",1,10,,0.0,4,False,False,False,,"{'group_by': 'user', 'order': 'RO', 'split': {'RS': [0.8, 0.1, 0.1]}, 'mode': 'full'}",False,"['Recall', 'MRR', 'NDCG', 'Hit', 'MAP', 'Precision', 'GAUC', 'ItemCoverage', 'AveragePopularity', 'GiniIndex', 'ShannonEntropy', 'TailPercentage']",10,MRR@10,True,4096,4,01,64,64,"[64, 64]","[64, 64]",10,	, ,user_id,item_id,rating,timestamp,,label,,neg_,[],"{'inter': ['user_id', 'item_id']}",,,,,,True,"[0,inf)","[0,inf)",,,,,,,,,item_length,_list,50,position_id,head_id,tail_id,relation_id,entity_id,False,"[0,inf)","[0,inf)",,ModelType.GENERAL,utf-8,amazon_books_60core_kg,DMF,cuda,"[64, 32]","[128, 64]",93ac19e6-6e55-4c27-888e-1292850ccc7a,AMAZON_BOOKS_60CORE_KG_DMF_PARAMS_TUNING_1702717203
0,0,True,42,INFO,True,data/,saved/amazon_books_60core_kg/DMF,True,False,,False,,False,recbole,True,50,2048,adam,0.0001,"{'distribution': 'uniform', 'sample_num': 1, 'dynamic': False, 'candidate_num': 0, 'alpha': 1.0}",1,10,,0.0,4,False,False,False,,"{'group_by': 'user', 'order': 'RO', 'split': {'RS': [0.8, 0.1, 0.1]}, 'mode': 'full'}",False,"['Recall', 'MRR', 'NDCG', 'Hit', 'MAP', 'Precision', 'GAUC', 'ItemCoverage', 'AveragePopularity', 'GiniIndex', 'ShannonEntropy', 'TailPercentage']",10,MRR@10,True,4096,4,01,64,64,"[64, 64]","[64, 64]",10,	, ,user_id,item_id,rating,timestamp,,label,,neg_,[],"{'inter': ['user_id', 'item_id']}",,,,,,True,"[0,inf)","[0,inf)",,,,,,,,,item_length,_list,50,position_id,head_id,tail_id,relation_id,entity_id,False,"[0,inf)","[0,inf)",,ModelType.GENERAL,utf-8,amazon_books_60core_kg,DMF,cuda,"[64, 64]","[128, 64]",f2b24032-a09b-480d-ba75-e97b11abb258,AMAZON_BOOKS_60CORE_KG_DMF_PARAMS_TUNING_1702717203
0,0,True,42,INFO,True,data/,saved/amazon_books_60core_kg/DMF,True,False,,False,,False,recbole,True,50,2048,adam,0.001,"{'distribution': 'uniform', 'sample_num': 1, 'dynamic': False, 'candidate_num': 0, 'alpha': 1.0}",1,10,,0.0,4,False,False,False,,"{'group_by': 'user', 'order': 'RO', 'split': {'RS': [0.8, 0.1, 0.1]}, 'mode': 'full'}",False,"['Recall', 'MRR', 'NDCG', 'Hit', 'MAP', 'Precision', 'GAUC', 'ItemCoverage', 'AveragePopularity', 'GiniIndex', 'ShannonEntropy', 'TailPercentage']",10,MRR@10,True,4096,4,01,64,64,"[64, 64]","[64, 64]",10,	, ,user_id,item_id,rating,timestamp,,label,,neg_,[],"{'inter': ['user_id', 'item_id']}",,,,,,True,"[0,inf)","[0,inf)",,,,,,,,,item_length,_list,50,position_id,head_id,tail_id,relation_id,entity_id,False,"[0,inf)","[0,inf)",,ModelType.GENERAL,utf-8,amazon_books_60core_kg,DMF,cuda,"[64, 32]","[64, 32]",6e574286-8501-4c1b-8e59-b50bffa0a22e,AMAZON_BOOKS_60CORE_KG_DMF_PARAMS_TUNING_1702717203
0,0,True,42,INFO,True,data/,saved/amazon_books_60core_kg/DMF,True,False,,False,,False,recbole,True,50,2048,adam,0.001,"{'distribution': 'uniform', 'sample_num': 1, 'dynamic': False, 'candidate_num': 0, 'alpha': 1.0}",1,10,,0.0,4,False,False,False,,"{'group_by': 'user', 'order': 'RO', 'split': {'RS': [0.8, 0.1, 0.1]}, 'mode': 'full'}",False,"['Recall', 'MRR', 'NDCG', 'Hit', 'MAP', 'Precision', 'GAUC', 'ItemCoverage', 'AveragePopularity', 'GiniIndex', 'ShannonEntropy', 'TailPercentage']",10,MRR@10,True,4096,4,01,64,64,"[64, 64]","[64, 64]",10,	, ,user_id,item_id,rating,timestamp,,label,,neg_,[],"{'inter': ['user_id', 'item_id']}",,,,,,True,"[0,inf)","[0,inf)",,,,,,,,,item_length,_list,50,position_id,head_id,tail_id,relation_id,entity_id,False,"[0,inf)","[0,inf)",,ModelType.GENERAL,utf-8,amazon_books_60core_kg,DMF,cuda,"[64, 64]","[128, 64]",84129497-14e8-424d-8a56-e3a835999c07,AMAZON_BOOKS_60CORE_KG_DMF_PARAMS_TUNING_1702717203
0,0,True,42,INFO,True,data/,saved/amazon_books_60core_kg/DMF,True,False,,False,,False,recbole,True,100,2048,adam,0.0001,"{'distribution': 'uniform', 'sample_num': 1, 'dynamic': False, 'candidate_num': 0, 'alpha': 1.0}",1,10,,0.0,4,False,False,False,,"{'group_by': 'user', 'order': 'RO', 'split': {'RS': [0.8, 0.1, 0.1]}, 'mode': 'full'}",False,"['Recall', 'MRR', 'NDCG', 'Hit', 'MAP', 'Precision', 'GAUC', 'ItemCoverage', 'AveragePopularity', 'GiniIndex', 'ShannonEntropy', 'TailPercentage']",10,MRR@10,True,4096,4,01,64,64,"[64, 64]","[64, 64]",10,	, ,user_id,item_id,rating,timestamp,,label,,neg_,[],"{'inter': ['user_id', 'item_id']}",,,,,,True,"[0,inf)","[0,inf)",,,,,,,,,item_length,_list,50,position_id,head_id,tail_id,relation_id,entity_id,False,"[0,inf)","[0,inf)",,ModelType.GENERAL,utf-8,amazon_books_60core_kg,DMF,cuda,"[128, 64]","[64, 32]",014eb7dc-389e-4c6c-bcdb-5ef1202574a4,AMAZON_BOOKS_60CORE_KG_DMF_PARAMS_TUNING_1702717203
0,0,True,42,INFO,True,data/,saved/amazon_books_60core_kg/DMF,True,False,,False,,False,recbole,True,100,2048,adam,0.001,"{'distribution': 'uniform', 'sample_num': 1, 'dynamic': False, 'candidate_num': 0, 'alpha': 1.0}",1,10,,0.0,4,False,False,False,,"{'group_by': 'user', 'order': 'RO', 'split': {'RS': [0.8, 0.1, 0.1]}, 'mode': 'full'}",False,"['Recall', 'MRR', 'NDCG', 'Hit', 'MAP', 'Precision', 'GAUC', 'ItemCoverage', 'AveragePopularity', 'GiniIndex', 'ShannonEntropy', 'TailPercentage']",10,MRR@10,True,4096,4,01,64,64,"[64, 64]","[64, 64]",10,	, ,user_id,item_id,rating,timestamp,,label,,neg_,[],"{'inter': ['user_id', 'item_id']}",,,,,,True,"[0,inf)","[0,inf)",,,,,,,,,item_length,_list,50,position_id,head_id,tail_id,relation_id,entity_id,False,"[0,inf)","[0,inf)",,ModelType.GENERAL,utf-8,amazon_books_60core_kg,DMF,cuda,"[128, 64]","[128, 64]",f7c9d213-a875-48f0-a6b6-1bd44b35db3f,AMAZON_BOOKS_60CORE_KG_DMF_PARAMS_TUNING_1702717203
0,0,True,42,INFO,True,data/,saved/amazon_books_60core_kg/DMF,True,False,,False,,False,recbole,True,50,2048,adam,0.001,"{'distribution': 'uniform', 'sample_num': 1, 'dynamic': False, 'candidate_num': 0, 'alpha': 1.0}",1,10,,0.0,4,False,False,False,,"{'group_by': 'user', 'order': 'RO', 'split': {'RS': [0.8, 0.1, 0.1]}, 'mode': 'full'}",False,"['Recall', 'MRR', 'NDCG', 'Hit', 'MAP', 'Precision', 'GAUC', 'ItemCoverage', 'AveragePopularity', 'GiniIndex', 'ShannonEntropy', 'TailPercentage']",10,MRR@10,True,4096,4,01,64,64,"[64, 64]","[64, 64]",10,	, ,user_id,item_id,rating,timestamp,,label,,neg_,[],"{'inter': ['user_id', 'item_id']}",,,,,,True,"[0,inf)","[0,inf)",,,,,,,,,item_length,_list,50,position_id,head_id,tail_id,relation_id,entity_id,False,"[0,inf)","[0,inf)",,ModelType.GENERAL,utf-8,amazon_books_60core_kg,DMF,cuda,"[64, 64]","[64, 64]",ae0c3dc4-0222-4615-a165-acff96b7fc80,AMAZON_BOOKS_60CORE_KG_DMF_PARAMS_TUNING_1702717203
0,0,True,42,INFO,True,data/,saved/amazon_books_60core_kg/DMF,True,False,,False,,False,recbole,True,10,2048,adam,0.01,"{'distribution': 'uniform', 'sample_num': 1, 'dynamic': False, 'candidate_num': 0, 'alpha': 1.0}",1,10,,0.0,4,False,False,False,,"{'group_by': 'user', 'order': 'RO', 'split': {'RS': [0.8, 0.1, 0.1]}, 'mode': 'full'}",False,"['Recall', 'MRR', 'NDCG', 'Hit', 'MAP', 'Precision', 'GAUC', 'ItemCoverage', 'AveragePopularity', 'GiniIndex', 'ShannonEntropy', 'TailPercentage']",10,MRR@10,True,4096,4,01,64,64,"[64, 64]","[64, 64]",10,	, ,user_id,item_id,rating,timestamp,,label,,neg_,[],"{'inter': ['user_id', 'item_id']}",,,,,,True,"[0,inf)","[0,inf)",,,,,,,,,item_length,_list,50,position_id,head_id,tail_id,relation_id,entity_id,False,"[0,inf)","[0,inf)",,ModelType.GENERAL,utf-8,amazon_books_60core_kg,DMF,cuda,"[64, 64]","[64, 32]",9f401f79-b657-4976-a58e-6a584b72f76e,AMAZON_BOOKS_60CORE_KG_DMF_PARAMS_TUNING_1702717203
0,0,True,42,INFO,True,data/,saved/amazon_books_60core_kg/DMF,True,False,,False,,False,recbole,True,100,2048,adam,0.001,"{'distribution': 'uniform', 'sample_num': 1, 'dynamic': False, 'candidate_num': 0, 'alpha': 1.0}",1,10,,0.0,4,False,False,False,,"{'group_by': 'user', 'order': 'RO', 'split': {'RS': [0.8, 0.1, 0.1]}, 'mode': 'full'}",False,"['Recall', 'MRR', 'NDCG', 'Hit', 'MAP', 'Precision', 'GAUC', 'ItemCoverage', 'AveragePopularity', 'GiniIndex', 'ShannonEntropy', 'TailPercentage']",10,MRR@10,True,4096,4,01,64,64,"[64, 64]","[64, 64]",10,	, ,user_id,item_id,rating,timestamp,,label,,neg_,[],"{'inter': ['user_id', 'item_id']}",,,,,,True,"[0,inf)","[0,inf)",,,,,,,,,item_length,_list,50,position_id,head_id,tail_id,relation_id,entity_id,False,"[0,inf)","[0,inf)",,ModelType.GENERAL,utf-8,amazon_books_60core_kg,DMF,cuda,"[64, 32]","[64, 64]",1bcf8fb5-e17e-4316-ae45-d136b928db46,AMAZON_BOOKS_60CORE_KG_DMF_PARAMS_TUNING_1702717203
0,0,True,42,INFO,True,data/,saved/amazon_books_60core_kg/DMF,True,False,,False,,False,recbole,True,10,2048,adam,0.0001,"{'distribution': 'uniform', 'sample_num': 1, 'dynamic': False, 'candidate_num': 0, 'alpha': 1.0}",1,10,,0.0,4,False,False,False,,"{'group_by': 'user', 'order': 'RO', 'split': {'RS': [0.8, 0.1, 0.1]}, 'mode': 'full'}",False,"['Recall', 'MRR', 'NDCG', 'Hit', 'MAP', 'Precision', 'GAUC', 'ItemCoverage', 'AveragePopularity', 'GiniIndex', 'ShannonEntropy', 'TailPercentage']",10,MRR@10,True,4096,4,01,64,64,"[64, 64]","[64, 64]",10,	, ,user_id,item_id,rating,timestamp,,label,,neg_,[],"{'inter': ['user_id', 'item_id']}",,,,,,True,"[0,inf)","[0,inf)",,,,,,,,,item_length,_list,50,position_id,head_id,tail_id,relation_id,entity_id,False,"[0,inf)","[0,inf)",,ModelType.GENERAL,utf-8,amazon_books_60core_kg,DMF,cuda,"[64, 64]","[64, 64]",ee6a497c-e9b5-440d-9989-bd74d23591df,AMAZON_BOOKS_60CORE_KG_DMF_PARAMS_TUNING_1702717203
0,0,True,42,INFO,True,data/,saved/amazon_books_60core_kg/DMF,True,False,,False,,False,recbole,True,10,2048,adam,0.0001,"{'distribution': 'uniform', 'sample_num': 1, 'dynamic': False, 'candidate_num': 0, 'alpha': 1.0}",1,10,,0.0,4,False,False,False,,"{'group_by': 'user', 'order': 'RO', 'split': {'RS': [0.8, 0.1, 0.1]}, 'mode': 'full'}",False,"['Recall', 'MRR', 'NDCG', 'Hit', 'MAP', 'Precision', 'GAUC', 'ItemCoverage', 'AveragePopularity', 'GiniIndex', 'ShannonEntropy', 'TailPercentage']",10,MRR@10,True,4096,4,01,64,64,"[64, 64]","[64, 64]",10,	, ,user_id,item_id,rating,timestamp,,label,,neg_,[],"{'inter': ['user_id', 'item_id']}",,,,,,True,"[0,inf)","[0,inf)",,,,,,,,,item_length,_list,50,position_id,head_id,tail_id,relation_id,entity_id,False,"[0,inf)","[0,inf)",,ModelType.GENERAL,utf-8,amazon_books_60core_kg,DMF,cuda,"[64, 32]","[128, 64]",6243410c-f91a-4973-947e-ce2ef7ba5152,AMAZON_BOOKS_60CORE_KG_DMF_PARAMS_TUNING_1702717203
0,0,True,42,INFO,True,data/,saved/amazon_books_60core_kg/DMF,True,False,,False,,False,recbole,True,10,2048,adam,0.01,"{'distribution': 'uniform', 'sample_num': 1, 'dynamic': False, 'candidate_num': 0, 'alpha': 1.0}",1,10,,0.0,4,False,False,False,,"{'group_by': 'user', 'order': 'RO', 'split': {'RS': [0.8, 0.1, 0.1]}, 'mode': 'full'}",False,"['Recall', 'MRR', 'NDCG', 'Hit', 'MAP', 'Precision', 'GAUC', 'ItemCoverage', 'AveragePopularity', 'GiniIndex', 'ShannonEntropy', 'TailPercentage']",10,MRR@10,True,4096,4,01,64,64,"[64, 64]","[64, 64]",10,	, ,user_id,item_id,rating,timestamp,,label,,neg_,[],"{'inter': ['user_id', 'item_id']}",,,,,,True,"[0,inf)","[0,inf)",,,,,,,,,item_length,_list,50,position_id,head_id,tail_id,relation_id,entity_id,False,"[0,inf)","[0,inf)",,ModelType.GENERAL,utf-8,amazon_books_60core_kg,DMF,cuda,"[128, 64]","[64, 64]",3e0a3df0-8f39-4991-a5d4-2295f9e110e9,AMAZON_BOOKS_60CORE_KG_DMF_PARAMS_TUNING_1702717203
0,0,True,42,INFO,True,data/,saved/amazon_books_60core_kg/DMF,True,False,,False,,False,recbole,True,10,2048,adam,0.01,"{'distribution': 'uniform', 'sample_num': 1, 'dynamic': False, 'candidate_num': 0, 'alpha': 1.0}",1,10,,0.0,4,False,False,False,,"{'group_by': 'user', 'order': 'RO', 'split': {'RS': [0.8, 0.1, 0.1]}, 'mode': 'full'}",False,"['Recall', 'MRR', 'NDCG', 'Hit', 'MAP', 'Precision', 'GAUC', 'ItemCoverage', 'AveragePopularity', 'GiniIndex', 'ShannonEntropy', 'TailPercentage']",10,MRR@10,True,4096,4,01,64,64,"[64, 64]","[64, 64]",10,	, ,user_id,item_id,rating,timestamp,,label,,neg_,[],"{'inter': ['user_id', 'item_id']}",,,,,,True,"[0,inf)","[0,inf)",,,,,,,,,item_length,_list,50,position_id,head_id,tail_id,relation_id,entity_id,False,"[0,inf)","[0,inf)",,ModelType.GENERAL,utf-8,amazon_books_60core_kg,DMF,cuda,"[64, 64]","[64, 64]",eae99223-0b00-4aec-801e-d24af64313b3,AMAZON_BOOKS_60CORE_KG_DMF_PARAMS_TUNING_1702717203
0,0,True,42,INFO,True,data/,saved/amazon_books_60core_kg/DMF,True,False,,False,,False,recbole,True,100,2048,adam,0.0001,"{'distribution': 'uniform', 'sample_num': 1, 'dynamic': False, 'candidate_num': 0, 'alpha': 1.0}",1,10,,0.0,4,False,False,False,,"{'group_by': 'user', 'order': 'RO', 'split': {'RS': [0.8, 0.1, 0.1]}, 'mode': 'full'}",False,"['Recall', 'MRR', 'NDCG', 'Hit', 'MAP', 'Precision', 'GAUC', 'ItemCoverage', 'AveragePopularity', 'GiniIndex', 'ShannonEntropy', 'TailPercentage']",10,MRR@10,True,4096,4,01,64,64,"[64, 64]","[64, 64]",10,	, ,user_id,item_id,rating,timestamp,,label,,neg_,[],"{'inter': ['user_id', 'item_id']}",,,,,,True,"[0,inf)","[0,inf)",,,,,,,,,item_length,_list,50,position_id,head_id,tail_id,relation_id,entity_id,False,"[0,inf)","[0,inf)",,ModelType.GENERAL,utf-8,amazon_books_60core_kg,DMF,cuda,"[128, 64]","[64, 64]",5e5af776-8ea1-4df2-95d8-648cf12e4a17,AMAZON_BOOKS_60CORE_KG_DMF_PARAMS_TUNING_1702717203
0,0,True,42,INFO,True,data/,saved/amazon_books_60core_kg/DMF,True,False,,False,,False,recbole,True,100,2048,adam,0.01,"{'distribution': 'uniform', 'sample_num': 1, 'dynamic': False, 'candidate_num': 0, 'alpha': 1.0}",1,10,,0.0,4,False,False,False,,"{'group_by': 'user', 'order': 'RO', 'split': {'RS': [0.8, 0.1, 0.1]}, 'mode': 'full'}",False,"['Recall', 'MRR', 'NDCG', 'Hit', 'MAP', 'Precision', 'GAUC', 'ItemCoverage', 'AveragePopularity', 'GiniIndex', 'ShannonEntropy', 'TailPercentage']",10,MRR@10,True,4096,4,01,64,64,"[64, 64]","[64, 64]",10,	, ,user_id,item_id,rating,timestamp,,label,,neg_,[],"{'inter': ['user_id', 'item_id']}",,,,,,True,"[0,inf)","[0,inf)",,,,,,,,,item_length,_list,50,position_id,head_id,tail_id,relation_id,entity_id,False,"[0,inf)","[0,inf)",,ModelType.GENERAL,utf-8,amazon_books_60core_kg,DMF,cuda,"[128, 64]","[128, 64]",3f8d8877-51c7-48f0-a9d2-ffbab40321c5,AMAZON_BOOKS_60CORE_KG_DMF_PARAMS_TUNING_1702717203
0,0,True,42,INFO,True,data/,saved/amazon_books_60core_kg/DMF,True,False,,False,,False,recbole,True,10,2048,adam,0.001,"{'distribution': 'uniform', 'sample_num': 1, 'dynamic': False, 'candidate_num': 0, 'alpha': 1.0}",1,10,,0.0,4,False,False,False,,"{'group_by': 'user', 'order': 'RO', 'split': {'RS': [0.8, 0.1, 0.1]}, 'mode': 'full'}",False,"['Recall', 'MRR', 'NDCG', 'Hit', 'MAP', 'Precision', 'GAUC', 'ItemCoverage', 'AveragePopularity', 'GiniIndex', 'ShannonEntropy', 'TailPercentage']",10,MRR@10,True,4096,4,01,64,64,"[64, 64]","[64, 64]",10,	, ,user_id,item_id,rating,timestamp,,label,,neg_,[],"{'inter': ['user_id', 'item_id']}",,,,,,True,"[0,inf)","[0,inf)",,,,,,,,,item_length,_list,50,position_id,head_id,tail_id,relation_id,entity_id,False,"[0,inf)","[0,inf)",,ModelType.GENERAL,utf-8,amazon_books_60core_kg,DMF,cuda,"[64, 64]","[64, 32]",391adf83-4547-4b2e-88f6-ffb9553e6969,AMAZON_BOOKS_60CORE_KG_DMF_PARAMS_TUNING_1702717203
0,0,True,42,INFO,True,data/,saved/amazon_books_60core_kg/DMF,True,False,,False,,False,recbole,True,10,2048,adam,0.001,"{'distribution': 'uniform', 'sample_num': 1, 'dynamic': False, 'candidate_num': 0, 'alpha': 1.0}",1,10,,0.0,4,False,False,False,,"{'group_by': 'user', 'order': 'RO', 'split': {'RS': [0.8, 0.1, 0.1]}, 'mode': 'full'}",False,"['Recall', 'MRR', 'NDCG', 'Hit', 'MAP', 'Precision', 'GAUC', 'ItemCoverage', 'AveragePopularity', 'GiniIndex', 'ShannonEntropy', 'TailPercentage']",10,MRR@10,True,4096,4,01,64,64,"[64, 64]","[64, 64]",10,	, ,user_id,item_id,rating,timestamp,,label,,neg_,[],"{'inter': ['user_id', 'item_id']}",,,,,,True,"[0,inf)","[0,inf)",,,,,,,,,item_length,_list,50,position_id,head_id,tail_id,relation_id,entity_id,False,"[0,inf)","[0,inf)",,ModelType.GENERAL,utf-8,amazon_books_60core_kg,DMF,cuda,"[64, 64]","[64, 64]",7605191f-db05-4e2f-a372-a344d0d0721d,AMAZON_BOOKS_60CORE_KG_DMF_PARAMS_TUNING_1702717203
0,0,True,42,INFO,True,data/,saved/amazon_books_60core_kg/DMF,True,False,,False,,False,recbole,True,100,2048,adam,0.001,"{'distribution': 'uniform', 'sample_num': 1, 'dynamic': False, 'candidate_num': 0, 'alpha': 1.0}",1,10,,0.0,4,False,False,False,,"{'group_by': 'user', 'order': 'RO', 'split': {'RS': [0.8, 0.1, 0.1]}, 'mode': 'full'}",False,"['Recall', 'MRR', 'NDCG', 'Hit', 'MAP', 'Precision', 'GAUC', 'ItemCoverage', 'AveragePopularity', 'GiniIndex', 'ShannonEntropy', 'TailPercentage']",10,MRR@10,True,4096,4,01,64,64,"[64, 64]","[64, 64]",10,	, ,user_id,item_id,rating,timestamp,,label,,neg_,[],"{'inter': ['user_id', 'item_id']}",,,,,,True,"[0,inf)","[0,inf)",,,,,,,,,item_length,_list,50,position_id,head_id,tail_id,relation_id,entity_id,False,"[0,inf)","[0,inf)",,ModelType.GENERAL,utf-8,amazon_books_60core_kg,DMF,cuda,"[64, 64]","[64, 32]",23d59556-2fa4-43ad-a603-2b11a3a51abf,AMAZON_BOOKS_60CORE_KG_DMF_PARAMS_TUNING_1702717203
0,0,True,42,INFO,True,data/,saved/amazon_books_60core_kg/DMF,True,False,,False,,False,recbole,True,100,2048,adam,0.01,"{'distribution': 'uniform', 'sample_num': 1, 'dynamic': False, 'candidate_num': 0, 'alpha': 1.0}",1,10,,0.0,4,False,False,False,,"{'group_by': 'user', 'order': 'RO', 'split': {'RS': [0.8, 0.1, 0.1]}, 'mode': 'full'}",False,"['Recall', 'MRR', 'NDCG', 'Hit', 'MAP', 'Precision', 'GAUC', 'ItemCoverage', 'AveragePopularity', 'GiniIndex', 'ShannonEntropy', 'TailPercentage']",10,MRR@10,True,4096,4,01,64,64,"[64, 64]","[64, 64]",10,	, ,user_id,item_id,rating,timestamp,,label,,neg_,[],"{'inter': ['user_id', 'item_id']}",,,,,,True,"[0,inf)","[0,inf)",,,,,,,,,item_length,_list,50,position_id,head_id,tail_id,relation_id,entity_id,False,"[0,inf)","[0,inf)",,ModelType.GENERAL,utf-8,amazon_books_60core_kg,DMF,cuda,"[64, 32]","[64, 64]",04d8a697-92eb-437d-99bb-6882e32a14e9,AMAZON_BOOKS_60CORE_KG_DMF_PARAMS_TUNING_1702717203
0,0,True,42,INFO,True,data/,saved/amazon_books_60core_kg/DMF,True,False,,False,,False,recbole,True,50,2048,adam,0.0001,"{'distribution': 'uniform', 'sample_num': 1, 'dynamic': False, 'candidate_num': 0, 'alpha': 1.0}",1,10,,0.0,4,False,False,False,,"{'group_by': 'user', 'order': 'RO', 'split': {'RS': [0.8, 0.1, 0.1]}, 'mode': 'full'}",False,"['Recall', 'MRR', 'NDCG', 'Hit', 'MAP', 'Precision', 'GAUC', 'ItemCoverage', 'AveragePopularity', 'GiniIndex', 'ShannonEntropy', 'TailPercentage']",10,MRR@10,True,4096,4,01,64,64,"[64, 64]","[64, 64]",10,	, ,user_id,item_id,rating,timestamp,,label,,neg_,[],"{'inter': ['user_id', 'item_id']}",,,,,,True,"[0,inf)","[0,inf)",,,,,,,,,item_length,_list,50,position_id,head_id,tail_id,relation_id,entity_id,False,"[0,inf)","[0,inf)",,ModelType.GENERAL,utf-8,amazon_books_60core_kg,DMF,cuda,"[64, 32]","[64, 32]",4a16f3ef-7b10-4b20-a085-c685d23e223e,AMAZON_BOOKS_60CORE_KG_DMF_PARAMS_TUNING_1702717203
0,0,True,42,INFO,True,data/,saved/amazon_books_60core_kg/DMF,True,False,,False,,False,recbole,True,50,2048,adam,0.01,"{'distribution': 'uniform', 'sample_num': 1, 'dynamic': False, 'candidate_num': 0, 'alpha': 1.0}",1,10,,0.0,4,False,False,False,,"{'group_by': 'user', 'order': 'RO', 'split': {'RS': [0.8, 0.1, 0.1]}, 'mode': 'full'}",False,"['Recall', 'MRR', 'NDCG', 'Hit', 'MAP', 'Precision', 'GAUC', 'ItemCoverage', 'AveragePopularity', 'GiniIndex', 'ShannonEntropy', 'TailPercentage']",10,MRR@10,True,4096,4,01,64,64,"[64, 64]","[64, 64]",10,	, ,user_id,item_id,rating,timestamp,,label,,neg_,[],"{'inter': ['user_id', 'item_id']}",,,,,,True,"[0,inf)","[0,inf)",,,,,,,,,item_length,_list,50,position_id,head_id,tail_id,relation_id,entity_id,False,"[0,inf)","[0,inf)",,ModelType.GENERAL,utf-8,amazon_books_60core_kg,DMF,cuda,"[64, 64]","[128, 64]",507a129c-e861-4681-aec0-cc02fcc19127,AMAZON_BOOKS_60CORE_KG_DMF_PARAMS_TUNING_1702717203
0,0,True,42,INFO,True,data/,saved/amazon_books_60core_kg/DMF,True,False,,False,,False,recbole,True,100,2048,adam,0.0001,"{'distribution': 'uniform', 'sample_num': 1, 'dynamic': False, 'candidate_num': 0, 'alpha': 1.0}",1,10,,0.0,4,False,False,False,,"{'group_by': 'user', 'order': 'RO', 'split': {'RS': [0.8, 0.1, 0.1]}, 'mode': 'full'}",False,"['Recall', 'MRR', 'NDCG', 'Hit', 'MAP', 'Precision', 'GAUC', 'ItemCoverage', 'AveragePopularity', 'GiniIndex', 'ShannonEntropy', 'TailPercentage']",10,MRR@10,True,4096,4,01,64,64,"[64, 64]","[64, 64]",10,	, ,user_id,item_id,rating,timestamp,,label,,neg_,[],"{'inter': ['user_id', 'item_id']}",,,,,,True,"[0,inf)","[0,inf)",,,,,,,,,item_length,_list,50,position_id,head_id,tail_id,relation_id,entity_id,False,"[0,inf)","[0,inf)",,ModelType.GENERAL,utf-8,amazon_books_60core_kg,DMF,cuda,"[64, 64]","[64, 64]",a5422e83-1c0f-414e-bb97-86a417a602cf,AMAZON_BOOKS_60CORE_KG_DMF_PARAMS_TUNING_1702717203
0,0,True,42,INFO,True,data/,saved/amazon_books_60core_kg/DMF,True,False,,False,,False,recbole,True,100,2048,adam,0.01,"{'distribution': 'uniform', 'sample_num': 1, 'dynamic': False, 'candidate_num': 0, 'alpha': 1.0}",1,10,,0.0,4,False,False,False,,"{'group_by': 'user', 'order': 'RO', 'split': {'RS': [0.8, 0.1, 0.1]}, 'mode': 'full'}",False,"['Recall', 'MRR', 'NDCG', 'Hit', 'MAP', 'Precision', 'GAUC', 'ItemCoverage', 'AveragePopularity', 'GiniIndex', 'ShannonEntropy', 'TailPercentage']",10,MRR@10,True,4096,4,01,64,64,"[64, 64]","[64, 64]",10,	, ,user_id,item_id,rating,timestamp,,label,,neg_,[],"{'inter': ['user_id', 'item_id']}",,,,,,True,"[0,inf)","[0,inf)",,,,,,,,,item_length,_list,50,position_id,head_id,tail_id,relation_id,entity_id,False,"[0,inf)","[0,inf)",,ModelType.GENERAL,utf-8,amazon_books_60core_kg,DMF,cuda,"[128, 64]","[64, 32]",138174ed-01e7-4a24-ac81-cd68f348b591,AMAZON_BOOKS_60CORE_KG_DMF_PARAMS_TUNING_1702717203
0,0,True,42,INFO,True,data/,saved/amazon_books_60core_kg/DMF,True,False,,False,,False,recbole,True,10,2048,adam,0.001,"{'distribution': 'uniform', 'sample_num': 1, 'dynamic': False, 'candidate_num': 0, 'alpha': 1.0}",1,10,,0.0,4,False,False,False,,"{'group_by': 'user', 'order': 'RO', 'split': {'RS': [0.8, 0.1, 0.1]}, 'mode': 'full'}",False,"['Recall', 'MRR', 'NDCG', 'Hit', 'MAP', 'Precision', 'GAUC', 'ItemCoverage', 'AveragePopularity', 'GiniIndex', 'ShannonEntropy', 'TailPercentage']",10,MRR@10,True,4096,4,01,64,64,"[64, 64]","[64, 64]",10,	, ,user_id,item_id,rating,timestamp,,label,,neg_,[],"{'inter': ['user_id', 'item_id']}",,,,,,True,"[0,inf)","[0,inf)",,,,,,,,,item_length,_list,50,position_id,head_id,tail_id,relation_id,entity_id,False,"[0,inf)","[0,inf)",,ModelType.GENERAL,utf-8,amazon_books_60core_kg,DMF,cuda,"[128, 64]","[128, 64]",577b7251-f728-4b0d-8d3b-447fcab7b169,AMAZON_BOOKS_60CORE_KG_DMF_PARAMS_TUNING_1702717203
0,0,True,42,INFO,True,data/,saved/amazon_books_60core_kg/DMF,True,False,,False,,False,recbole,True,50,2048,adam,0.01,"{'distribution': 'uniform', 'sample_num': 1, 'dynamic': False, 'candidate_num': 0, 'alpha': 1.0}",1,10,,0.0,4,False,False,False,,"{'group_by': 'user', 'order': 'RO', 'split': {'RS': [0.8, 0.1, 0.1]}, 'mode': 'full'}",False,"['Recall', 'MRR', 'NDCG', 'Hit', 'MAP', 'Precision', 'GAUC', 'ItemCoverage', 'AveragePopularity', 'GiniIndex', 'ShannonEntropy', 'TailPercentage']",10,MRR@10,True,4096,4,01,64,64,"[64, 64]","[64, 64]",10,	, ,user_id,item_id,rating,timestamp,,label,,neg_,[],"{'inter': ['user_id', 'item_id']}",,,,,,True,"[0,inf)","[0,inf)",,,,,,,,,item_length,_list,50,position_id,head_id,tail_id,relation_id,entity_id,False,"[0,inf)","[0,inf)",,ModelType.GENERAL,utf-8,amazon_books_60core_kg,DMF,cuda,"[64, 64]","[64, 64]",f2fe2dfb-09e1-4ae8-92da-d33a6c3579cf,AMAZON_BOOKS_60CORE_KG_DMF_PARAMS_TUNING_1702717203
0,0,True,42,INFO,True,data/,saved/amazon_books_60core_kg/DMF,True,False,,False,,False,recbole,True,50,2048,adam,0.0001,"{'distribution': 'uniform', 'sample_num': 1, 'dynamic': False, 'candidate_num': 0, 'alpha': 1.0}",1,10,,0.0,4,False,False,False,,"{'group_by': 'user', 'order': 'RO', 'split': {'RS': [0.8, 0.1, 0.1]}, 'mode': 'full'}",False,"['Recall', 'MRR', 'NDCG', 'Hit', 'MAP', 'Precision', 'GAUC', 'ItemCoverage', 'AveragePopularity', 'GiniIndex', 'ShannonEntropy', 'TailPercentage']",10,MRR@10,True,4096,4,01,64,64,"[64, 64]","[64, 64]",10,	, ,user_id,item_id,rating,timestamp,,label,,neg_,[],"{'inter': ['user_id', 'item_id']}",,,,,,True,"[0,inf)","[0,inf)",,,,,,,,,item_length,_list,50,position_id,head_id,tail_id,relation_id,entity_id,False,"[0,inf)","[0,inf)",,ModelType.GENERAL,utf-8,amazon_books_60core_kg,DMF,cuda,"[64, 32]","[128, 64]",9803dec2-df68-4fb9-a6d7-c6a6527999bd,AMAZON_BOOKS_60CORE_KG_DMF_PARAMS_TUNING_1702717203
0,0,True,42,INFO,True,data/,saved/amazon_books_60core_kg/DMF,True,False,,False,,False,recbole,True,50,2048,adam,0.001,"{'distribution': 'uniform', 'sample_num': 1, 'dynamic': False, 'candidate_num': 0, 'alpha': 1.0}",1,10,,0.0,4,False,False,False,,"{'group_by': 'user', 'order': 'RO', 'split': {'RS': [0.8, 0.1, 0.1]}, 'mode': 'full'}",False,"['Recall', 'MRR', 'NDCG', 'Hit', 'MAP', 'Precision', 'GAUC', 'ItemCoverage', 'AveragePopularity', 'GiniIndex', 'ShannonEntropy', 'TailPercentage']",10,MRR@10,True,4096,4,01,64,64,"[64, 64]","[64, 64]",10,	, ,user_id,item_id,rating,timestamp,,label,,neg_,[],"{'inter': ['user_id', 'item_id']}",,,,,,True,"[0,inf)","[0,inf)",,,,,,,,,item_length,_list,50,position_id,head_id,tail_id,relation_id,entity_id,False,"[0,inf)","[0,inf)",,ModelType.GENERAL,utf-8,amazon_books_60core_kg,DMF,cuda,"[128, 64]","[64, 32]",8332080e-de49-4e85-a523-3e957c51e4e4,AMAZON_BOOKS_60CORE_KG_DMF_PARAMS_TUNING_1702717203
0,0,True,42,INFO,True,data/,saved/amazon_books_60core_kg/DMF,True,False,,False,,False,recbole,True,10,2048,adam,0.0001,"{'distribution': 'uniform', 'sample_num': 1, 'dynamic': False, 'candidate_num': 0, 'alpha': 1.0}",1,10,,0.0,4,False,False,False,,"{'group_by': 'user', 'order': 'RO', 'split': {'RS': [0.8, 0.1, 0.1]}, 'mode': 'full'}",False,"['Recall', 'MRR', 'NDCG', 'Hit', 'MAP', 'Precision', 'GAUC', 'ItemCoverage', 'AveragePopularity', 'GiniIndex', 'ShannonEntropy', 'TailPercentage']",10,MRR@10,True,4096,4,01,64,64,"[64, 64]","[64, 64]",10,	, ,user_id,item_id,rating,timestamp,,label,,neg_,[],"{'inter': ['user_id', 'item_id']}",,,,,,True,"[0,inf)","[0,inf)",,,,,,,,,item_length,_list,50,position_id,head_id,tail_id,relation_id,entity_id,False,"[0,inf)","[0,inf)",,ModelType.GENERAL,utf-8,amazon_books_60core_kg,DMF,cuda,"[64, 32]","[64, 64]",ffae6177-bbe5-4fc1-ba9b-e2ccbc685e32,AMAZON_BOOKS_60CORE_KG_DMF_PARAMS_TUNING_1702717203
0,0,True,42,INFO,True,data/,saved/amazon_books_60core_kg/DMF,True,False,,False,,False,recbole,True,100,2048,adam,0.0001,"{'distribution': 'uniform', 'sample_num': 1, 'dynamic': False, 'candidate_num': 0, 'alpha': 1.0}",1,10,,0.0,4,False,False,False,,"{'group_by': 'user', 'order': 'RO', 'split': {'RS': [0.8, 0.1, 0.1]}, 'mode': 'full'}",False,"['Recall', 'MRR', 'NDCG', 'Hit', 'MAP', 'Precision', 'GAUC', 'ItemCoverage', 'AveragePopularity', 'GiniIndex', 'ShannonEntropy', 'TailPercentage']",10,MRR@10,True,4096,4,01,64,64,"[64, 64]","[64, 64]",10,	, ,user_id,item_id,rating,timestamp,,label,,neg_,[],"{'inter': ['user_id', 'item_id']}",,,,,,True,"[0,inf)","[0,inf)",,,,,,,,,item_length,_list,50,position_id,head_id,tail_id,relation_id,entity_id,False,"[0,inf)","[0,inf)",,ModelType.GENERAL,utf-8,amazon_books_60core_kg,DMF,cuda,"[64, 32]","[128, 64]",f3257568-3312-44fc-aace-d80015d33732,AMAZON_BOOKS_60CORE_KG_DMF_PARAMS_TUNING_1702717203
0,0,True,42,INFO,True,data/,saved/amazon_books_60core_kg/DMF,True,False,,False,,False,recbole,True,100,2048,adam,0.01,"{'distribution': 'uniform', 'sample_num': 1, 'dynamic': False, 'candidate_num': 0, 'alpha': 1.0}",1,10,,0.0,4,False,False,False,,"{'group_by': 'user', 'order': 'RO', 'split': {'RS': [0.8, 0.1, 0.1]}, 'mode': 'full'}",False,"['Recall', 'MRR', 'NDCG', 'Hit', 'MAP', 'Precision', 'GAUC', 'ItemCoverage', 'AveragePopularity', 'GiniIndex', 'ShannonEntropy', 'TailPercentage']",10,MRR@10,True,4096,4,01,64,64,"[64, 64]","[64, 64]",10,	, ,user_id,item_id,rating,timestamp,,label,,neg_,[],"{'inter': ['user_id', 'item_id']}",,,,,,True,"[0,inf)","[0,inf)",,,,,,,,,item_length,_list,50,position_id,head_id,tail_id,relation_id,entity_id,False,"[0,inf)","[0,inf)",,ModelType.GENERAL,utf-8,amazon_books_60core_kg,DMF,cuda,"[64, 32]","[64, 32]",2b7d0807-eebb-4c2b-9ef3-732c9d7a0cd6,AMAZON_BOOKS_60CORE_KG_DMF_PARAMS_TUNING_1702717203
0,0,True,42,INFO,True,data/,saved/amazon_books_60core_kg/DMF,True,False,,False,,False,recbole,True,50,2048,adam,0.0001,"{'distribution': 'uniform', 'sample_num': 1, 'dynamic': False, 'candidate_num': 0, 'alpha': 1.0}",1,10,,0.0,4,False,False,False,,"{'group_by': 'user', 'order': 'RO', 'split': {'RS': [0.8, 0.1, 0.1]}, 'mode': 'full'}",False,"['Recall', 'MRR', 'NDCG', 'Hit', 'MAP', 'Precision', 'GAUC', 'ItemCoverage', 'AveragePopularity', 'GiniIndex', 'ShannonEntropy', 'TailPercentage']",10,MRR@10,True,4096,4,01,64,64,"[64, 64]","[64, 64]",10,	, ,user_id,item_id,rating,timestamp,,label,,neg_,[],"{'inter': ['user_id', 'item_id']}",,,,,,True,"[0,inf)","[0,inf)",,,,,,,,,item_length,_list,50,position_id,head_id,tail_id,relation_id,entity_id,False,"[0,inf)","[0,inf)",,ModelType.GENERAL,utf-8,amazon_books_60core_kg,DMF,cuda,"[64, 64]","[64, 32]",eec28df2-d825-4ca7-b1a9-1d26ef2ae46f,AMAZON_BOOKS_60CORE_KG_DMF_PARAMS_TUNING_1702717203
0,0,True,42,INFO,True,data/,saved/amazon_books_60core_kg/DMF,True,False,,False,,False,recbole,True,100,2048,adam,0.001,"{'distribution': 'uniform', 'sample_num': 1, 'dynamic': False, 'candidate_num': 0, 'alpha': 1.0}",1,10,,0.0,4,False,False,False,,"{'group_by': 'user', 'order': 'RO', 'split': {'RS': [0.8, 0.1, 0.1]}, 'mode': 'full'}",False,"['Recall', 'MRR', 'NDCG', 'Hit', 'MAP', 'Precision', 'GAUC', 'ItemCoverage', 'AveragePopularity', 'GiniIndex', 'ShannonEntropy', 'TailPercentage']",10,MRR@10,True,4096,4,01,64,64,"[64, 64]","[64, 64]",10,	, ,user_id,item_id,rating,timestamp,,label,,neg_,[],"{'inter': ['user_id', 'item_id']}",,,,,,True,"[0,inf)","[0,inf)",,,,,,,,,item_length,_list,50,position_id,head_id,tail_id,relation_id,entity_id,False,"[0,inf)","[0,inf)",,ModelType.GENERAL,utf-8,amazon_books_60core_kg,DMF,cuda,"[128, 64]","[64, 32]",2c6076ed-bc8d-405d-923f-83be98ea4d02,AMAZON_BOOKS_60CORE_KG_DMF_PARAMS_TUNING_1702717203
0,0,True,42,INFO,True,data/,saved/amazon_books_60core_kg/DMF,True,False,,False,,False,recbole,True,10,2048,adam,0.001,"{'distribution': 'uniform', 'sample_num': 1, 'dynamic': False, 'candidate_num': 0, 'alpha': 1.0}",1,10,,0.0,4,False,False,False,,"{'group_by': 'user', 'order': 'RO', 'split': {'RS': [0.8, 0.1, 0.1]}, 'mode': 'full'}",False,"['Recall', 'MRR', 'NDCG', 'Hit', 'MAP', 'Precision', 'GAUC', 'ItemCoverage', 'AveragePopularity', 'GiniIndex', 'ShannonEntropy', 'TailPercentage']",10,MRR@10,True,4096,4,01,64,64,"[64, 64]","[64, 64]",10,	, ,user_id,item_id,rating,timestamp,,label,,neg_,[],"{'inter': ['user_id', 'item_id']}",,,,,,True,"[0,inf)","[0,inf)",,,,,,,,,item_length,_list,50,position_id,head_id,tail_id,relation_id,entity_id,False,"[0,inf)","[0,inf)",,ModelType.GENERAL,utf-8,amazon_books_60core_kg,DMF,cuda,"[64, 64]","[128, 64]",23a36143-f0aa-43e5-a8b1-92d06eda3628,AMAZON_BOOKS_60CORE_KG_DMF_PARAMS_TUNING_1702717203
0,0,True,42,INFO,True,data/,saved/amazon_books_60core_kg/DMF,True,False,,False,,False,recbole,True,50,2048,adam,0.01,"{'distribution': 'uniform', 'sample_num': 1, 'dynamic': False, 'candidate_num': 0, 'alpha': 1.0}",1,10,,0.0,4,False,False,False,,"{'group_by': 'user', 'order': 'RO', 'split': {'RS': [0.8, 0.1, 0.1]}, 'mode': 'full'}",False,"['Recall', 'MRR', 'NDCG', 'Hit', 'MAP', 'Precision', 'GAUC', 'ItemCoverage', 'AveragePopularity', 'GiniIndex', 'ShannonEntropy', 'TailPercentage']",10,MRR@10,True,4096,4,01,64,64,"[64, 64]","[64, 64]",10,	, ,user_id,item_id,rating,timestamp,,label,,neg_,[],"{'inter': ['user_id', 'item_id']}",,,,,,True,"[0,inf)","[0,inf)",,,,,,,,,item_length,_list,50,position_id,head_id,tail_id,relation_id,entity_id,False,"[0,inf)","[0,inf)",,ModelType.GENERAL,utf-8,amazon_books_60core_kg,DMF,cuda,"[128, 64]","[64, 64]",cb2a3b0d-a085-4170-9713-500f20d86be1,AMAZON_BOOKS_60CORE_KG_DMF_PARAMS_TUNING_1702717203
0,0,True,42,INFO,True,data/,saved/amazon_books_60core_kg/DMF,True,False,,False,,False,recbole,True,50,2048,adam,0.001,"{'distribution': 'uniform', 'sample_num': 1, 'dynamic': False, 'candidate_num': 0, 'alpha': 1.0}",1,10,,0.0,4,False,False,False,,"{'group_by': 'user', 'order': 'RO', 'split': {'RS': [0.8, 0.1, 0.1]}, 'mode': 'full'}",False,"['Recall', 'MRR', 'NDCG', 'Hit', 'MAP', 'Precision', 'GAUC', 'ItemCoverage', 'AveragePopularity', 'GiniIndex', 'ShannonEntropy', 'TailPercentage']",10,MRR@10,True,4096,4,01,64,64,"[64, 64]","[64, 64]",10,	, ,user_id,item_id,rating,timestamp,,label,,neg_,[],"{'inter': ['user_id', 'item_id']}",,,,,,True,"[0,inf)","[0,inf)",,,,,,,,,item_length,_list,50,position_id,head_id,tail_id,relation_id,entity_id,False,"[0,inf)","[0,inf)",,ModelType.GENERAL,utf-8,amazon_books_60core_kg,DMF,cuda,"[128, 64]","[128, 64]",8f062beb-cf09-48d2-85c6-0476f1321918,AMAZON_BOOKS_60CORE_KG_DMF_PARAMS_TUNING_1702717203
0,0,True,42,INFO,True,data/,saved/amazon_books_60core_kg/DMF,True,False,,False,,False,recbole,True,50,2048,adam,0.01,"{'distribution': 'uniform', 'sample_num': 1, 'dynamic': False, 'candidate_num': 0, 'alpha': 1.0}",1,10,,0.0,4,False,False,False,,"{'group_by': 'user', 'order': 'RO', 'split': {'RS': [0.8, 0.1, 0.1]}, 'mode': 'full'}",False,"['Recall', 'MRR', 'NDCG', 'Hit', 'MAP', 'Precision', 'GAUC', 'ItemCoverage', 'AveragePopularity', 'GiniIndex', 'ShannonEntropy', 'TailPercentage']",10,MRR@10,True,4096,4,01,64,64,"[64, 64]","[64, 64]",10,	, ,user_id,item_id,rating,timestamp,,label,,neg_,[],"{'inter': ['user_id', 'item_id']}",,,,,,True,"[0,inf)","[0,inf)",,,,,,,,,item_length,_list,50,position_id,head_id,tail_id,relation_id,entity_id,False,"[0,inf)","[0,inf)",,ModelType.GENERAL,utf-8,amazon_books_60core_kg,DMF,cuda,"[64, 32]","[64, 32]",07b4bba9-0b26-447c-af5d-fca726b37188,AMAZON_BOOKS_60CORE_KG_DMF_PARAMS_TUNING_1702717203
0,0,True,42,INFO,True,data/,saved/amazon_books_60core_kg/DMF,True,False,,False,,False,recbole,True,50,2048,adam,0.001,"{'distribution': 'uniform', 'sample_num': 1, 'dynamic': False, 'candidate_num': 0, 'alpha': 1.0}",1,10,,0.0,4,False,False,False,,"{'group_by': 'user', 'order': 'RO', 'split': {'RS': [0.8, 0.1, 0.1]}, 'mode': 'full'}",False,"['Recall', 'MRR', 'NDCG', 'Hit', 'MAP', 'Precision', 'GAUC', 'ItemCoverage', 'AveragePopularity', 'GiniIndex', 'ShannonEntropy', 'TailPercentage']",10,MRR@10,True,4096,4,01,64,64,"[64, 64]","[64, 64]",10,	, ,user_id,item_id,rating,timestamp,,label,,neg_,[],"{'inter': ['user_id', 'item_id']}",,,,,,True,"[0,inf)","[0,inf)",,,,,,,,,item_length,_list,50,position_id,head_id,tail_id,relation_id,entity_id,False,"[0,inf)","[0,inf)",,ModelType.GENERAL,utf-8,amazon_books_60core_kg,DMF,cuda,"[64, 64]","[64, 32]",9ab11aa8-08d2-4d3c-953c-fb9fad4a0935,AMAZON_BOOKS_60CORE_KG_DMF_PARAMS_TUNING_1702717203
0,0,True,42,INFO,True,data/,saved/amazon_books_60core_kg/DMF,True,False,,False,,False,recbole,True,50,2048,adam,0.01,"{'distribution': 'uniform', 'sample_num': 1, 'dynamic': False, 'candidate_num': 0, 'alpha': 1.0}",1,10,,0.0,4,False,False,False,,"{'group_by': 'user', 'order': 'RO', 'split': {'RS': [0.8, 0.1, 0.1]}, 'mode': 'full'}",False,"['Recall', 'MRR', 'NDCG', 'Hit', 'MAP', 'Precision', 'GAUC', 'ItemCoverage', 'AveragePopularity', 'GiniIndex', 'ShannonEntropy', 'TailPercentage']",10,MRR@10,True,4096,4,01,64,64,"[64, 64]","[64, 64]",10,	, ,user_id,item_id,rating,timestamp,,label,,neg_,[],"{'inter': ['user_id', 'item_id']}",,,,,,True,"[0,inf)","[0,inf)",,,,,,,,,item_length,_list,50,position_id,head_id,tail_id,relation_id,entity_id,False,"[0,inf)","[0,inf)",,ModelType.GENERAL,utf-8,amazon_books_60core_kg,DMF,cuda,"[64, 64]","[64, 32]",31fa68d3-6b78-430a-98f4-00b6e3b24984,AMAZON_BOOKS_60CORE_KG_DMF_PARAMS_TUNING_1702717203
0,0,True,42,INFO,True,data/,saved/amazon_books_60core_kg/DMF,True,False,,False,,False,recbole,True,10,2048,adam,0.0001,"{'distribution': 'uniform', 'sample_num': 1, 'dynamic': False, 'candidate_num': 0, 'alpha': 1.0}",1,10,,0.0,4,False,False,False,,"{'group_by': 'user', 'order': 'RO', 'split': {'RS': [0.8, 0.1, 0.1]}, 'mode': 'full'}",False,"['Recall', 'MRR', 'NDCG', 'Hit', 'MAP', 'Precision', 'GAUC', 'ItemCoverage', 'AveragePopularity', 'GiniIndex', 'ShannonEntropy', 'TailPercentage']",10,MRR@10,True,4096,4,01,64,64,"[64, 64]","[64, 64]",10,	, ,user_id,item_id,rating,timestamp,,label,,neg_,[],"{'inter': ['user_id', 'item_id']}",,,,,,True,"[0,inf)","[0,inf)",,,,,,,,,item_length,_list,50,position_id,head_id,tail_id,relation_id,entity_id,False,"[0,inf)","[0,inf)",,ModelType.GENERAL,utf-8,amazon_books_60core_kg,DMF,cuda,"[64, 32]","[64, 32]",7c4e6602-2064-470c-a2ee-6dce6ca2335a,AMAZON_BOOKS_60CORE_KG_DMF_PARAMS_TUNING_1702717203
0,0,True,42,INFO,True,data/,saved/amazon_books_60core_kg/DMF,True,False,,False,,False,recbole,True,50,2048,adam,0.01,"{'distribution': 'uniform', 'sample_num': 1, 'dynamic': False, 'candidate_num': 0, 'alpha': 1.0}",1,10,,0.0,4,False,False,False,,"{'group_by': 'user', 'order': 'RO', 'split': {'RS': [0.8, 0.1, 0.1]}, 'mode': 'full'}",False,"['Recall', 'MRR', 'NDCG', 'Hit', 'MAP', 'Precision', 'GAUC', 'ItemCoverage', 'AveragePopularity', 'GiniIndex', 'ShannonEntropy', 'TailPercentage']",10,MRR@10,True,4096,4,01,64,64,"[64, 64]","[64, 64]",10,	, ,user_id,item_id,rating,timestamp,,label,,neg_,[],"{'inter': ['user_id', 'item_id']}",,,,,,True,"[0,inf)","[0,inf)",,,,,,,,,item_length,_list,50,position_id,head_id,tail_id,relation_id,entity_id,False,"[0,inf)","[0,inf)",,ModelType.GENERAL,utf-8,amazon_books_60core_kg,DMF,cuda,"[128, 64]","[64, 32]",cdddc0ea-9ae1-4eba-8164-3b87b6e8044a,AMAZON_BOOKS_60CORE_KG_DMF_PARAMS_TUNING_1702717203
0,0,True,42,INFO,True,data/,saved/amazon_books_60core_kg/DMF,True,False,,False,,False,recbole,True,100,2048,adam,0.001,"{'distribution': 'uniform', 'sample_num': 1, 'dynamic': False, 'candidate_num': 0, 'alpha': 1.0}",1,10,,0.0,4,False,False,False,,"{'group_by': 'user', 'order': 'RO', 'split': {'RS': [0.8, 0.1, 0.1]}, 'mode': 'full'}",False,"['Recall', 'MRR', 'NDCG', 'Hit', 'MAP', 'Precision', 'GAUC', 'ItemCoverage', 'AveragePopularity', 'GiniIndex', 'ShannonEntropy', 'TailPercentage']",10,MRR@10,True,4096,4,01,64,64,"[64, 64]","[64, 64]",10,	, ,user_id,item_id,rating,timestamp,,label,,neg_,[],"{'inter': ['user_id', 'item_id']}",,,,,,True,"[0,inf)","[0,inf)",,,,,,,,,item_length,_list,50,position_id,head_id,tail_id,relation_id,entity_id,False,"[0,inf)","[0,inf)",,ModelType.GENERAL,utf-8,amazon_books_60core_kg,DMF,cuda,"[64, 64]","[128, 64]",4c7107a8-55bc-46e1-a6f6-4e02af780ab1,AMAZON_BOOKS_60CORE_KG_DMF_PARAMS_TUNING_1702717203
0,0,True,42,INFO,True,data/,saved/amazon_books_60core_kg/DMF,True,False,,False,,False,recbole,True,10,2048,adam,0.0001,"{'distribution': 'uniform', 'sample_num': 1, 'dynamic': False, 'candidate_num': 0, 'alpha': 1.0}",1,10,,0.0,4,False,False,False,,"{'group_by': 'user', 'order': 'RO', 'split': {'RS': [0.8, 0.1, 0.1]}, 'mode': 'full'}",False,"['Recall', 'MRR', 'NDCG', 'Hit', 'MAP', 'Precision', 'GAUC', 'ItemCoverage', 'AveragePopularity', 'GiniIndex', 'ShannonEntropy', 'TailPercentage']",10,MRR@10,True,4096,4,01,64,64,"[64, 64]","[64, 64]",10,	, ,user_id,item_id,rating,timestamp,,label,,neg_,[],"{'inter': ['user_id', 'item_id']}",,,,,,True,"[0,inf)","[0,inf)",,,,,,,,,item_length,_list,50,position_id,head_id,tail_id,relation_id,entity_id,False,"[0,inf)","[0,inf)",,ModelType.GENERAL,utf-8,amazon_books_60core_kg,DMF,cuda,"[64, 64]","[64, 32]",f811dfb6-078e-48d4-8067-053a9f2222b4,AMAZON_BOOKS_60CORE_KG_DMF_PARAMS_TUNING_1702717203
0,0,True,42,INFO,True,data/,saved/amazon_books_60core_kg/DMF,True,False,,False,,False,recbole,True,10,2048,adam,0.01,"{'distribution': 'uniform', 'sample_num': 1, 'dynamic': False, 'candidate_num': 0, 'alpha': 1.0}",1,10,,0.0,4,False,False,False,,"{'group_by': 'user', 'order': 'RO', 'split': {'RS': [0.8, 0.1, 0.1]}, 'mode': 'full'}",False,"['Recall', 'MRR', 'NDCG', 'Hit', 'MAP', 'Precision', 'GAUC', 'ItemCoverage', 'AveragePopularity', 'GiniIndex', 'ShannonEntropy', 'TailPercentage']",10,MRR@10,True,4096,4,01,64,64,"[64, 64]","[64, 64]",10,	, ,user_id,item_id,rating,timestamp,,label,,neg_,[],"{'inter': ['user_id', 'item_id']}",,,,,,True,"[0,inf)","[0,inf)",,,,,,,,,item_length,_list,50,position_id,head_id,tail_id,relation_id,entity_id,False,"[0,inf)","[0,inf)",,ModelType.GENERAL,utf-8,amazon_books_60core_kg,DMF,cuda,"[64, 32]","[64, 32]",e9413162-28ac-4cdc-9b14-6a6c0d12eb72,AMAZON_BOOKS_60CORE_KG_DMF_PARAMS_TUNING_1702717203
0,0,True,42,INFO,True,data/,saved/amazon_books_60core_kg/DMF,True,False,,False,,False,recbole,True,10,2048,adam,0.001,"{'distribution': 'uniform', 'sample_num': 1, 'dynamic': False, 'candidate_num': 0, 'alpha': 1.0}",1,10,,0.0,4,False,False,False,,"{'group_by': 'user', 'order': 'RO', 'split': {'RS': [0.8, 0.1, 0.1]}, 'mode': 'full'}",False,"['Recall', 'MRR', 'NDCG', 'Hit', 'MAP', 'Precision', 'GAUC', 'ItemCoverage', 'AveragePopularity', 'GiniIndex', 'ShannonEntropy', 'TailPercentage']",10,MRR@10,True,4096,4,01,64,64,"[64, 64]","[64, 64]",10,	, ,user_id,item_id,rating,timestamp,,label,,neg_,[],"{'inter': ['user_id', 'item_id']}",,,,,,True,"[0,inf)","[0,inf)",,,,,,,,,item_length,_list,50,position_id,head_id,tail_id,relation_id,entity_id,False,"[0,inf)","[0,inf)",,ModelType.GENERAL,utf-8,amazon_books_60core_kg,DMF,cuda,"[64, 32]","[64, 64]",03242bf0-6c09-4e24-b13e-2e1a2e544fd0,AMAZON_BOOKS_60CORE_KG_DMF_PARAMS_TUNING_1702717203
0,0,True,42,INFO,True,data/,saved/amazon_books_60core_kg/DMF,True,False,,False,,False,recbole,True,10,2048,adam,0.01,"{'distribution': 'uniform', 'sample_num': 1, 'dynamic': False, 'candidate_num': 0, 'alpha': 1.0}",1,10,,0.0,4,False,False,False,,"{'group_by': 'user', 'order': 'RO', 'split': {'RS': [0.8, 0.1, 0.1]}, 'mode': 'full'}",False,"['Recall', 'MRR', 'NDCG', 'Hit', 'MAP', 'Precision', 'GAUC', 'ItemCoverage', 'AveragePopularity', 'GiniIndex', 'ShannonEntropy', 'TailPercentage']",10,MRR@10,True,4096,4,01,64,64,"[64, 64]","[64, 64]",10,	, ,user_id,item_id,rating,timestamp,,label,,neg_,[],"{'inter': ['user_id', 'item_id']}",,,,,,True,"[0,inf)","[0,inf)",,,,,,,,,item_length,_list,50,position_id,head_id,tail_id,relation_id,entity_id,False,"[0,inf)","[0,inf)",,ModelType.GENERAL,utf-8,amazon_books_60core_kg,DMF,cuda,"[128, 64]","[64, 32]",b232b8e0-7e84-43a2-9fce-93209dfdfcb6,AMAZON_BOOKS_60CORE_KG_DMF_PARAMS_TUNING_1702717203
0,0,True,42,INFO,True,data/,saved/amazon_books_60core_kg/DMF,True,False,,False,,False,recbole,True,100,2048,adam,0.001,"{'distribution': 'uniform', 'sample_num': 1, 'dynamic': False, 'candidate_num': 0, 'alpha': 1.0}",1,10,,0.0,4,False,False,False,,"{'group_by': 'user', 'order': 'RO', 'split': {'RS': [0.8, 0.1, 0.1]}, 'mode': 'full'}",False,"['Recall', 'MRR', 'NDCG', 'Hit', 'MAP', 'Precision', 'GAUC', 'ItemCoverage', 'AveragePopularity', 'GiniIndex', 'ShannonEntropy', 'TailPercentage']",10,MRR@10,True,4096,4,01,64,64,"[64, 64]","[64, 64]",10,	, ,user_id,item_id,rating,timestamp,,label,,neg_,[],"{'inter': ['user_id', 'item_id']}",,,,,,True,"[0,inf)","[0,inf)",,,,,,,,,item_length,_list,50,position_id,head_id,tail_id,relation_id,entity_id,False,"[0,inf)","[0,inf)",,ModelType.GENERAL,utf-8,amazon_books_60core_kg,DMF,cuda,"[128, 64]","[64, 64]",bb39cfa5-95c6-4362-9ee0-34c95341ec23,AMAZON_BOOKS_60CORE_KG_DMF_PARAMS_TUNING_1702717203
0,0,True,42,INFO,True,data/,saved/amazon_books_60core_kg/DMF,True,False,,False,,False,recbole,True,10,2048,adam,0.0001,"{'distribution': 'uniform', 'sample_num': 1, 'dynamic': False, 'candidate_num': 0, 'alpha': 1.0}",1,10,,0.0,4,False,False,False,,"{'group_by': 'user', 'order': 'RO', 'split': {'RS': [0.8, 0.1, 0.1]}, 'mode': 'full'}",False,"['Recall', 'MRR', 'NDCG', 'Hit', 'MAP', 'Precision', 'GAUC', 'ItemCoverage', 'AveragePopularity', 'GiniIndex', 'ShannonEntropy', 'TailPercentage']",10,MRR@10,True,4096,4,01,64,64,"[64, 64]","[64, 64]",10,	, ,user_id,item_id,rating,timestamp,,label,,neg_,[],"{'inter': ['user_id', 'item_id']}",,,,,,True,"[0,inf)","[0,inf)",,,,,,,,,item_length,_list,50,position_id,head_id,tail_id,relation_id,entity_id,False,"[0,inf)","[0,inf)",,ModelType.GENERAL,utf-8,amazon_books_60core_kg,DMF,cuda,"[64, 64]","[128, 64]",883c48ba-2f37-45f8-9b9d-5fe4ff5a002e,AMAZON_BOOKS_60CORE_KG_DMF_PARAMS_TUNING_1702717203
0,0,True,42,INFO,True,data/,saved/amazon_books_60core_kg/DMF,True,False,,False,,False,recbole,True,10,2048,adam,0.0001,"{'distribution': 'uniform', 'sample_num': 1, 'dynamic': False, 'candidate_num': 0, 'alpha': 1.0}",1,10,,0.0,4,False,False,False,,"{'group_by': 'user', 'order': 'RO', 'split': {'RS': [0.8, 0.1, 0.1]}, 'mode': 'full'}",False,"['Recall', 'MRR', 'NDCG', 'Hit', 'MAP', 'Precision', 'GAUC', 'ItemCoverage', 'AveragePopularity', 'GiniIndex', 'ShannonEntropy', 'TailPercentage']",10,MRR@10,True,4096,4,01,64,64,"[64, 64]","[64, 64]",10,	, ,user_id,item_id,rating,timestamp,,label,,neg_,[],"{'inter': ['user_id', 'item_id']}",,,,,,True,"[0,inf)","[0,inf)",,,,,,,,,item_length,_list,50,position_id,head_id,tail_id,relation_id,entity_id,False,"[0,inf)","[0,inf)",,ModelType.GENERAL,utf-8,amazon_books_60core_kg,DMF,cuda,"[128, 64]","[64, 64]",c710f5be-f296-41d7-ac16-3454172b799e,AMAZON_BOOKS_60CORE_KG_DMF_PARAMS_TUNING_1702717203
0,0,True,42,INFO,True,data/,saved/amazon_books_60core_kg/DMF,True,False,,False,,False,recbole,True,50,2048,adam,0.001,"{'distribution': 'uniform', 'sample_num': 1, 'dynamic': False, 'candidate_num': 0, 'alpha': 1.0}",1,10,,0.0,4,False,False,False,,"{'group_by': 'user', 'order': 'RO', 'split': {'RS': [0.8, 0.1, 0.1]}, 'mode': 'full'}",False,"['Recall', 'MRR', 'NDCG', 'Hit', 'MAP', 'Precision', 'GAUC', 'ItemCoverage', 'AveragePopularity', 'GiniIndex', 'ShannonEntropy', 'TailPercentage']",10,MRR@10,True,4096,4,01,64,64,"[64, 64]","[64, 64]",10,	, ,user_id,item_id,rating,timestamp,,label,,neg_,[],"{'inter': ['user_id', 'item_id']}",,,,,,True,"[0,inf)","[0,inf)",,,,,,,,,item_length,_list,50,position_id,head_id,tail_id,relation_id,entity_id,False,"[0,inf)","[0,inf)",,ModelType.GENERAL,utf-8,amazon_books_60core_kg,DMF,cuda,"[64, 32]","[128, 64]",8623974b-1b52-4f64-b514-a4d4ca4c6b78,AMAZON_BOOKS_60CORE_KG_DMF_PARAMS_TUNING_1702717203
0,0,True,42,INFO,True,data/,saved/amazon_books_60core_kg/DMF,True,False,,False,,False,recbole,True,50,2048,adam,0.0001,"{'distribution': 'uniform', 'sample_num': 1, 'dynamic': False, 'candidate_num': 0, 'alpha': 1.0}",1,10,,0.0,4,False,False,False,,"{'group_by': 'user', 'order': 'RO', 'split': {'RS': [0.8, 0.1, 0.1]}, 'mode': 'full'}",False,"['Recall', 'MRR', 'NDCG', 'Hit', 'MAP', 'Precision', 'GAUC', 'ItemCoverage', 'AveragePopularity', 'GiniIndex', 'ShannonEntropy', 'TailPercentage']",10,MRR@10,True,4096,4,01,64,64,"[64, 64]","[64, 64]",10,	, ,user_id,item_id,rating,timestamp,,label,,neg_,[],"{'inter': ['user_id', 'item_id']}",,,,,,True,"[0,inf)","[0,inf)",,,,,,,,,item_length,_list,50,position_id,head_id,tail_id,relation_id,entity_id,False,"[0,inf)","[0,inf)",,ModelType.GENERAL,utf-8,amazon_books_60core_kg,DMF,cuda,"[64, 64]","[64, 64]",4ac3048d-8cc6-4307-a027-25d2eabd2bc3,AMAZON_BOOKS_60CORE_KG_DMF_PARAMS_TUNING_1702717203
0,0,True,42,INFO,True,data/,saved/amazon_books_60core_kg/DMF,True,False,,False,,False,recbole,True,50,2048,adam,0.0001,"{'distribution': 'uniform', 'sample_num': 1, 'dynamic': False, 'candidate_num': 0, 'alpha': 1.0}",1,10,,0.0,4,False,False,False,,"{'group_by': 'user', 'order': 'RO', 'split': {'RS': [0.8, 0.1, 0.1]}, 'mode': 'full'}",False,"['Recall', 'MRR', 'NDCG', 'Hit', 'MAP', 'Precision', 'GAUC', 'ItemCoverage', 'AveragePopularity', 'GiniIndex', 'ShannonEntropy', 'TailPercentage']",10,MRR@10,True,4096,4,01,64,64,"[64, 64]","[64, 64]",10,	, ,user_id,item_id,rating,timestamp,,label,,neg_,[],"{'inter': ['user_id', 'item_id']}",,,,,,True,"[0,inf)","[0,inf)",,,,,,,,,item_length,_list,50,position_id,head_id,tail_id,relation_id,entity_id,False,"[0,inf)","[0,inf)",,ModelType.GENERAL,utf-8,amazon_books_60core_kg,DMF,cuda,"[128, 64]","[128, 64]",c87f4d4f-3361-4b9c-8767-409f5f726fd0,AMAZON_BOOKS_60CORE_KG_DMF_PARAMS_TUNING_1702717203
0,0,True,42,INFO,True,data/,saved/amazon_books_60core_kg/DMF,True,False,,False,,False,recbole,True,100,2048,adam,0.0001,"{'distribution': 'uniform', 'sample_num': 1, 'dynamic': False, 'candidate_num': 0, 'alpha': 1.0}",1,10,,0.0,4,False,False,False,,"{'group_by': 'user', 'order': 'RO', 'split': {'RS': [0.8, 0.1, 0.1]}, 'mode': 'full'}",False,"['Recall', 'MRR', 'NDCG', 'Hit', 'MAP', 'Precision', 'GAUC', 'ItemCoverage', 'AveragePopularity', 'GiniIndex', 'ShannonEntropy', 'TailPercentage']",10,MRR@10,True,4096,4,01,64,64,"[64, 64]","[64, 64]",10,	, ,user_id,item_id,rating,timestamp,,label,,neg_,[],"{'inter': ['user_id', 'item_id']}",,,,,,True,"[0,inf)","[0,inf)",,,,,,,,,item_length,_list,50,position_id,head_id,tail_id,relation_id,entity_id,False,"[0,inf)","[0,inf)",,ModelType.GENERAL,utf-8,amazon_books_60core_kg,DMF,cuda,"[64, 32]","[64, 64]",97f563c5-db24-4235-b571-ce4667f51789,AMAZON_BOOKS_60CORE_KG_DMF_PARAMS_TUNING_1702717203
0,0,True,42,INFO,True,data/,saved/amazon_books_60core_kg/DMF,True,False,,False,,False,recbole,True,100,2048,adam,0.0001,"{'distribution': 'uniform', 'sample_num': 1, 'dynamic': False, 'candidate_num': 0, 'alpha': 1.0}",1,10,,0.0,4,False,False,False,,"{'group_by': 'user', 'order': 'RO', 'split': {'RS': [0.8, 0.1, 0.1]}, 'mode': 'full'}",False,"['Recall', 'MRR', 'NDCG', 'Hit', 'MAP', 'Precision', 'GAUC', 'ItemCoverage', 'AveragePopularity', 'GiniIndex', 'ShannonEntropy', 'TailPercentage']",10,MRR@10,True,4096,4,01,64,64,"[64, 64]","[64, 64]",10,	, ,user_id,item_id,rating,timestamp,,label,,neg_,[],"{'inter': ['user_id', 'item_id']}",,,,,,True,"[0,inf)","[0,inf)",,,,,,,,,item_length,_list,50,position_id,head_id,tail_id,relation_id,entity_id,False,"[0,inf)","[0,inf)",,ModelType.GENERAL,utf-8,amazon_books_60core_kg,DMF,cuda,"[64, 64]","[128, 64]",6a6224b9-f288-415f-add1-84b24f17faaf,AMAZON_BOOKS_60CORE_KG_DMF_PARAMS_TUNING_1702717203
