gpu_id,worker,use_gpu,seed,state,reproducibility,data_path,checkpoint_dir,show_progress,save_dataset,dataset_save_path,save_dataloaders,dataloaders_save_path,log_wandb,wandb_project,shuffle,epochs,train_batch_size,learner,learning_rate,train_neg_sample_args,eval_step,stopping_step,clip_grad_norm,weight_decay,loss_decimal_place,require_pow,enable_amp,enable_scaler,transform,eval_args,repeatable,metrics,topk,valid_metric,valid_metric_bigger,eval_batch_size,metric_decimal_place,embedding_size,n_layers,reg_weight,field_separator,seq_separator,USER_ID_FIELD,ITEM_ID_FIELD,RATING_FIELD,TIME_FIELD,seq_len,LABEL_FIELD,threshold,NEG_PREFIX,numerical_features,load_col,unload_col,unused_col,additional_feat_suffix,rm_dup_inter,val_interval,filter_inter_by_user_or_item,user_inter_num_interval,item_inter_num_interval,alias_of_user_id,alias_of_item_id,alias_of_entity_id,alias_of_relation_id,preload_weight,normalize_field,normalize_all,discretization,ITEM_LIST_LENGTH_FIELD,LIST_SUFFIX,MAX_ITEM_LIST_LENGTH,POSITION_FIELD,HEAD_ENTITY_ID_FIELD,TAIL_ENTITY_ID_FIELD,RELATION_ID_FIELD,ENTITY_ID_FIELD,kg_reverse_r,entity_kg_num_interval,relation_kg_num_interval,benchmark_filename,MODEL_TYPE,encoding,dataset,model,device,run_id,project_name
0,0,True,42,INFO,True,data/,saved/mind/SpectralCF,True,False,,False,,False,recbole,True,100,2048,adam,0.001,"{'distribution': 'uniform', 'sample_num': 1, 'dynamic': False, 'candidate_num': 0, 'alpha': 1.0}",1,10,,0.0,4,False,False,False,,"{'group_by': 'user', 'order': 'RO', 'split': {'RS': [0.8, 0.1, 0.1]}, 'mode': 'full'}",False,"['Recall', 'MRR', 'NDCG', 'Hit', 'MAP', 'Precision', 'GAUC', 'ItemCoverage', 'AveragePopularity', 'GiniIndex', 'ShannonEntropy', 'TailPercentage']",10,MRR@10,True,4096,4,128,1,0.01,	, ,user_id,item_id,rating,timestamp,,label,,neg_,[],"{'inter': ['user_id', 'item_id']}",,,,,,True,"[0,inf)","[0,inf)",,,,,,,,,item_length,_list,50,position_id,head_id,tail_id,relation_id,entity_id,False,"[0,inf)","[0,inf)",,ModelType.GENERAL,utf-8,mind,SpectralCF,cuda,e74ce017-de37-4480-a9ee-54d15a009944,MIND_SPECTRALCF_PARAMS_TUNING_1705171512
0,0,True,42,INFO,True,data/,saved/mind/SpectralCF,True,False,,False,,False,recbole,True,100,2048,adam,0.001,"{'distribution': 'uniform', 'sample_num': 1, 'dynamic': False, 'candidate_num': 0, 'alpha': 1.0}",1,10,,0.0,4,False,False,False,,"{'group_by': 'user', 'order': 'RO', 'split': {'RS': [0.8, 0.1, 0.1]}, 'mode': 'full'}",False,"['Recall', 'MRR', 'NDCG', 'Hit', 'MAP', 'Precision', 'GAUC', 'ItemCoverage', 'AveragePopularity', 'GiniIndex', 'ShannonEntropy', 'TailPercentage']",10,MRR@10,True,4096,4,32,1,0.003,	, ,user_id,item_id,rating,timestamp,,label,,neg_,[],"{'inter': ['user_id', 'item_id']}",,,,,,True,"[0,inf)","[0,inf)",,,,,,,,,item_length,_list,50,position_id,head_id,tail_id,relation_id,entity_id,False,"[0,inf)","[0,inf)",,ModelType.GENERAL,utf-8,mind,SpectralCF,cuda,1cfeb74a-f70d-41c1-afa6-73002cf3a08a,MIND_SPECTRALCF_PARAMS_TUNING_1705171512
0,0,True,42,INFO,True,data/,saved/mind/SpectralCF,True,False,,False,,False,recbole,True,50,2048,adam,0.01,"{'distribution': 'uniform', 'sample_num': 1, 'dynamic': False, 'candidate_num': 0, 'alpha': 1.0}",1,10,,0.0,4,False,False,False,,"{'group_by': 'user', 'order': 'RO', 'split': {'RS': [0.8, 0.1, 0.1]}, 'mode': 'full'}",False,"['Recall', 'MRR', 'NDCG', 'Hit', 'MAP', 'Precision', 'GAUC', 'ItemCoverage', 'AveragePopularity', 'GiniIndex', 'ShannonEntropy', 'TailPercentage']",10,MRR@10,True,4096,4,128,1,0.003,	, ,user_id,item_id,rating,timestamp,,label,,neg_,[],"{'inter': ['user_id', 'item_id']}",,,,,,True,"[0,inf)","[0,inf)",,,,,,,,,item_length,_list,50,position_id,head_id,tail_id,relation_id,entity_id,False,"[0,inf)","[0,inf)",,ModelType.GENERAL,utf-8,mind,SpectralCF,cuda,8835cbe5-43f8-4c18-9674-29502f3bb9e5,MIND_SPECTRALCF_PARAMS_TUNING_1705171512
0,0,True,42,INFO,True,data/,saved/mind/SpectralCF,True,False,,False,,False,recbole,True,10,2048,adam,0.001,"{'distribution': 'uniform', 'sample_num': 1, 'dynamic': False, 'candidate_num': 0, 'alpha': 1.0}",1,10,,0.0,4,False,False,False,,"{'group_by': 'user', 'order': 'RO', 'split': {'RS': [0.8, 0.1, 0.1]}, 'mode': 'full'}",False,"['Recall', 'MRR', 'NDCG', 'Hit', 'MAP', 'Precision', 'GAUC', 'ItemCoverage', 'AveragePopularity', 'GiniIndex', 'ShannonEntropy', 'TailPercentage']",10,MRR@10,True,4096,4,32,2,0.003,	, ,user_id,item_id,rating,timestamp,,label,,neg_,[],"{'inter': ['user_id', 'item_id']}",,,,,,True,"[0,inf)","[0,inf)",,,,,,,,,item_length,_list,50,position_id,head_id,tail_id,relation_id,entity_id,False,"[0,inf)","[0,inf)",,ModelType.GENERAL,utf-8,mind,SpectralCF,cuda,1e23f24e-5fdc-4e96-8503-ea56d0746292,MIND_SPECTRALCF_PARAMS_TUNING_1705171512
0,0,True,42,INFO,True,data/,saved/mind/SpectralCF,True,False,,False,,False,recbole,True,100,2048,adam,0.01,"{'distribution': 'uniform', 'sample_num': 1, 'dynamic': False, 'candidate_num': 0, 'alpha': 1.0}",1,10,,0.0,4,False,False,False,,"{'group_by': 'user', 'order': 'RO', 'split': {'RS': [0.8, 0.1, 0.1]}, 'mode': 'full'}",False,"['Recall', 'MRR', 'NDCG', 'Hit', 'MAP', 'Precision', 'GAUC', 'ItemCoverage', 'AveragePopularity', 'GiniIndex', 'ShannonEntropy', 'TailPercentage']",10,MRR@10,True,4096,4,32,2,0.003,	, ,user_id,item_id,rating,timestamp,,label,,neg_,[],"{'inter': ['user_id', 'item_id']}",,,,,,True,"[0,inf)","[0,inf)",,,,,,,,,item_length,_list,50,position_id,head_id,tail_id,relation_id,entity_id,False,"[0,inf)","[0,inf)",,ModelType.GENERAL,utf-8,mind,SpectralCF,cuda,58e0470f-8244-428e-a129-05a502e61930,MIND_SPECTRALCF_PARAMS_TUNING_1705171512
0,0,True,42,INFO,True,data/,saved/mind/SpectralCF,True,False,,False,,False,recbole,True,50,2048,adam,0.0001,"{'distribution': 'uniform', 'sample_num': 1, 'dynamic': False, 'candidate_num': 0, 'alpha': 1.0}",1,10,,0.0,4,False,False,False,,"{'group_by': 'user', 'order': 'RO', 'split': {'RS': [0.8, 0.1, 0.1]}, 'mode': 'full'}",False,"['Recall', 'MRR', 'NDCG', 'Hit', 'MAP', 'Precision', 'GAUC', 'ItemCoverage', 'AveragePopularity', 'GiniIndex', 'ShannonEntropy', 'TailPercentage']",10,MRR@10,True,4096,4,128,1,0.01,	, ,user_id,item_id,rating,timestamp,,label,,neg_,[],"{'inter': ['user_id', 'item_id']}",,,,,,True,"[0,inf)","[0,inf)",,,,,,,,,item_length,_list,50,position_id,head_id,tail_id,relation_id,entity_id,False,"[0,inf)","[0,inf)",,ModelType.GENERAL,utf-8,mind,SpectralCF,cuda,e26e4bbc-e3a9-46de-bf85-a15a00ec6c51,MIND_SPECTRALCF_PARAMS_TUNING_1705171512
0,0,True,42,INFO,True,data/,saved/mind/SpectralCF,True,False,,False,,False,recbole,True,50,2048,adam,0.01,"{'distribution': 'uniform', 'sample_num': 1, 'dynamic': False, 'candidate_num': 0, 'alpha': 1.0}",1,10,,0.0,4,False,False,False,,"{'group_by': 'user', 'order': 'RO', 'split': {'RS': [0.8, 0.1, 0.1]}, 'mode': 'full'}",False,"['Recall', 'MRR', 'NDCG', 'Hit', 'MAP', 'Precision', 'GAUC', 'ItemCoverage', 'AveragePopularity', 'GiniIndex', 'ShannonEntropy', 'TailPercentage']",10,MRR@10,True,4096,4,32,1,0.01,	, ,user_id,item_id,rating,timestamp,,label,,neg_,[],"{'inter': ['user_id', 'item_id']}",,,,,,True,"[0,inf)","[0,inf)",,,,,,,,,item_length,_list,50,position_id,head_id,tail_id,relation_id,entity_id,False,"[0,inf)","[0,inf)",,ModelType.GENERAL,utf-8,mind,SpectralCF,cuda,fa19b22c-7cc8-4ac3-b419-fd8dc93560be,MIND_SPECTRALCF_PARAMS_TUNING_1705171512
0,0,True,42,INFO,True,data/,saved/mind/SpectralCF,True,False,,False,,False,recbole,True,10,2048,adam,0.0001,"{'distribution': 'uniform', 'sample_num': 1, 'dynamic': False, 'candidate_num': 0, 'alpha': 1.0}",1,10,,0.0,4,False,False,False,,"{'group_by': 'user', 'order': 'RO', 'split': {'RS': [0.8, 0.1, 0.1]}, 'mode': 'full'}",False,"['Recall', 'MRR', 'NDCG', 'Hit', 'MAP', 'Precision', 'GAUC', 'ItemCoverage', 'AveragePopularity', 'GiniIndex', 'ShannonEntropy', 'TailPercentage']",10,MRR@10,True,4096,4,128,1,0.01,	, ,user_id,item_id,rating,timestamp,,label,,neg_,[],"{'inter': ['user_id', 'item_id']}",,,,,,True,"[0,inf)","[0,inf)",,,,,,,,,item_length,_list,50,position_id,head_id,tail_id,relation_id,entity_id,False,"[0,inf)","[0,inf)",,ModelType.GENERAL,utf-8,mind,SpectralCF,cuda,3440b3a5-a5d7-4371-9aa6-e8bb7e1df984,MIND_SPECTRALCF_PARAMS_TUNING_1705171512
0,0,True,42,INFO,True,data/,saved/mind/SpectralCF,True,False,,False,,False,recbole,True,50,2048,adam,0.0001,"{'distribution': 'uniform', 'sample_num': 1, 'dynamic': False, 'candidate_num': 0, 'alpha': 1.0}",1,10,,0.0,4,False,False,False,,"{'group_by': 'user', 'order': 'RO', 'split': {'RS': [0.8, 0.1, 0.1]}, 'mode': 'full'}",False,"['Recall', 'MRR', 'NDCG', 'Hit', 'MAP', 'Precision', 'GAUC', 'ItemCoverage', 'AveragePopularity', 'GiniIndex', 'ShannonEntropy', 'TailPercentage']",10,MRR@10,True,4096,4,32,1,0.003,	, ,user_id,item_id,rating,timestamp,,label,,neg_,[],"{'inter': ['user_id', 'item_id']}",,,,,,True,"[0,inf)","[0,inf)",,,,,,,,,item_length,_list,50,position_id,head_id,tail_id,relation_id,entity_id,False,"[0,inf)","[0,inf)",,ModelType.GENERAL,utf-8,mind,SpectralCF,cuda,538781e6-c972-4c17-a9d5-c0e74f2b217f,MIND_SPECTRALCF_PARAMS_TUNING_1705171512
0,0,True,42,INFO,True,data/,saved/mind/SpectralCF,True,False,,False,,False,recbole,True,100,2048,adam,0.01,"{'distribution': 'uniform', 'sample_num': 1, 'dynamic': False, 'candidate_num': 0, 'alpha': 1.0}",1,10,,0.0,4,False,False,False,,"{'group_by': 'user', 'order': 'RO', 'split': {'RS': [0.8, 0.1, 0.1]}, 'mode': 'full'}",False,"['Recall', 'MRR', 'NDCG', 'Hit', 'MAP', 'Precision', 'GAUC', 'ItemCoverage', 'AveragePopularity', 'GiniIndex', 'ShannonEntropy', 'TailPercentage']",10,MRR@10,True,4096,4,32,2,0.01,	, ,user_id,item_id,rating,timestamp,,label,,neg_,[],"{'inter': ['user_id', 'item_id']}",,,,,,True,"[0,inf)","[0,inf)",,,,,,,,,item_length,_list,50,position_id,head_id,tail_id,relation_id,entity_id,False,"[0,inf)","[0,inf)",,ModelType.GENERAL,utf-8,mind,SpectralCF,cuda,418f4b88-0277-4547-bb49-d7966ef11216,MIND_SPECTRALCF_PARAMS_TUNING_1705171512
0,0,True,42,INFO,True,data/,saved/mind/SpectralCF,True,False,,False,,False,recbole,True,100,2048,adam,0.01,"{'distribution': 'uniform', 'sample_num': 1, 'dynamic': False, 'candidate_num': 0, 'alpha': 1.0}",1,10,,0.0,4,False,False,False,,"{'group_by': 'user', 'order': 'RO', 'split': {'RS': [0.8, 0.1, 0.1]}, 'mode': 'full'}",False,"['Recall', 'MRR', 'NDCG', 'Hit', 'MAP', 'Precision', 'GAUC', 'ItemCoverage', 'AveragePopularity', 'GiniIndex', 'ShannonEntropy', 'TailPercentage']",10,MRR@10,True,4096,4,128,2,0.01,	, ,user_id,item_id,rating,timestamp,,label,,neg_,[],"{'inter': ['user_id', 'item_id']}",,,,,,True,"[0,inf)","[0,inf)",,,,,,,,,item_length,_list,50,position_id,head_id,tail_id,relation_id,entity_id,False,"[0,inf)","[0,inf)",,ModelType.GENERAL,utf-8,mind,SpectralCF,cuda,28066114-fbf0-4e02-80be-359cddbb53ba,MIND_SPECTRALCF_PARAMS_TUNING_1705171512
0,0,True,42,INFO,True,data/,saved/mind/SpectralCF,True,False,,False,,False,recbole,True,50,2048,adam,0.001,"{'distribution': 'uniform', 'sample_num': 1, 'dynamic': False, 'candidate_num': 0, 'alpha': 1.0}",1,10,,0.0,4,False,False,False,,"{'group_by': 'user', 'order': 'RO', 'split': {'RS': [0.8, 0.1, 0.1]}, 'mode': 'full'}",False,"['Recall', 'MRR', 'NDCG', 'Hit', 'MAP', 'Precision', 'GAUC', 'ItemCoverage', 'AveragePopularity', 'GiniIndex', 'ShannonEntropy', 'TailPercentage']",10,MRR@10,True,4096,4,64,2,0.003,	, ,user_id,item_id,rating,timestamp,,label,,neg_,[],"{'inter': ['user_id', 'item_id']}",,,,,,True,"[0,inf)","[0,inf)",,,,,,,,,item_length,_list,50,position_id,head_id,tail_id,relation_id,entity_id,False,"[0,inf)","[0,inf)",,ModelType.GENERAL,utf-8,mind,SpectralCF,cuda,54627bb4-6c6b-4ade-8bff-13c23eeb0bad,MIND_SPECTRALCF_PARAMS_TUNING_1705171512
0,0,True,42,INFO,True,data/,saved/mind/SpectralCF,True,False,,False,,False,recbole,True,50,2048,adam,0.01,"{'distribution': 'uniform', 'sample_num': 1, 'dynamic': False, 'candidate_num': 0, 'alpha': 1.0}",1,10,,0.0,4,False,False,False,,"{'group_by': 'user', 'order': 'RO', 'split': {'RS': [0.8, 0.1, 0.1]}, 'mode': 'full'}",False,"['Recall', 'MRR', 'NDCG', 'Hit', 'MAP', 'Precision', 'GAUC', 'ItemCoverage', 'AveragePopularity', 'GiniIndex', 'ShannonEntropy', 'TailPercentage']",10,MRR@10,True,4096,4,32,2,0.01,	, ,user_id,item_id,rating,timestamp,,label,,neg_,[],"{'inter': ['user_id', 'item_id']}",,,,,,True,"[0,inf)","[0,inf)",,,,,,,,,item_length,_list,50,position_id,head_id,tail_id,relation_id,entity_id,False,"[0,inf)","[0,inf)",,ModelType.GENERAL,utf-8,mind,SpectralCF,cuda,1c4716d3-ca10-4dfd-a95b-b9b7ec9b22fa,MIND_SPECTRALCF_PARAMS_TUNING_1705171512
0,0,True,42,INFO,True,data/,saved/mind/SpectralCF,True,False,,False,,False,recbole,True,100,2048,adam,0.001,"{'distribution': 'uniform', 'sample_num': 1, 'dynamic': False, 'candidate_num': 0, 'alpha': 1.0}",1,10,,0.0,4,False,False,False,,"{'group_by': 'user', 'order': 'RO', 'split': {'RS': [0.8, 0.1, 0.1]}, 'mode': 'full'}",False,"['Recall', 'MRR', 'NDCG', 'Hit', 'MAP', 'Precision', 'GAUC', 'ItemCoverage', 'AveragePopularity', 'GiniIndex', 'ShannonEntropy', 'TailPercentage']",10,MRR@10,True,4096,4,32,1,0.01,	, ,user_id,item_id,rating,timestamp,,label,,neg_,[],"{'inter': ['user_id', 'item_id']}",,,,,,True,"[0,inf)","[0,inf)",,,,,,,,,item_length,_list,50,position_id,head_id,tail_id,relation_id,entity_id,False,"[0,inf)","[0,inf)",,ModelType.GENERAL,utf-8,mind,SpectralCF,cuda,4ca08175-438c-4ccf-b0e2-8dc93682cf96,MIND_SPECTRALCF_PARAMS_TUNING_1705171512
0,0,True,42,INFO,True,data/,saved/mind/SpectralCF,True,False,,False,,False,recbole,True,50,2048,adam,0.0001,"{'distribution': 'uniform', 'sample_num': 1, 'dynamic': False, 'candidate_num': 0, 'alpha': 1.0}",1,10,,0.0,4,False,False,False,,"{'group_by': 'user', 'order': 'RO', 'split': {'RS': [0.8, 0.1, 0.1]}, 'mode': 'full'}",False,"['Recall', 'MRR', 'NDCG', 'Hit', 'MAP', 'Precision', 'GAUC', 'ItemCoverage', 'AveragePopularity', 'GiniIndex', 'ShannonEntropy', 'TailPercentage']",10,MRR@10,True,4096,4,64,1,0.003,	, ,user_id,item_id,rating,timestamp,,label,,neg_,[],"{'inter': ['user_id', 'item_id']}",,,,,,True,"[0,inf)","[0,inf)",,,,,,,,,item_length,_list,50,position_id,head_id,tail_id,relation_id,entity_id,False,"[0,inf)","[0,inf)",,ModelType.GENERAL,utf-8,mind,SpectralCF,cuda,97278b87-f640-4141-a16c-463fd12de564,MIND_SPECTRALCF_PARAMS_TUNING_1705171512
0,0,True,42,INFO,True,data/,saved/mind/SpectralCF,True,False,,False,,False,recbole,True,10,2048,adam,0.0001,"{'distribution': 'uniform', 'sample_num': 1, 'dynamic': False, 'candidate_num': 0, 'alpha': 1.0}",1,10,,0.0,4,False,False,False,,"{'group_by': 'user', 'order': 'RO', 'split': {'RS': [0.8, 0.1, 0.1]}, 'mode': 'full'}",False,"['Recall', 'MRR', 'NDCG', 'Hit', 'MAP', 'Precision', 'GAUC', 'ItemCoverage', 'AveragePopularity', 'GiniIndex', 'ShannonEntropy', 'TailPercentage']",10,MRR@10,True,4096,4,128,2,0.003,	, ,user_id,item_id,rating,timestamp,,label,,neg_,[],"{'inter': ['user_id', 'item_id']}",,,,,,True,"[0,inf)","[0,inf)",,,,,,,,,item_length,_list,50,position_id,head_id,tail_id,relation_id,entity_id,False,"[0,inf)","[0,inf)",,ModelType.GENERAL,utf-8,mind,SpectralCF,cuda,25c36557-dc70-445a-8520-4bbfea5f7dbd,MIND_SPECTRALCF_PARAMS_TUNING_1705171512
0,0,True,42,INFO,True,data/,saved/mind/SpectralCF,True,False,,False,,False,recbole,True,100,2048,adam,0.01,"{'distribution': 'uniform', 'sample_num': 1, 'dynamic': False, 'candidate_num': 0, 'alpha': 1.0}",1,10,,0.0,4,False,False,False,,"{'group_by': 'user', 'order': 'RO', 'split': {'RS': [0.8, 0.1, 0.1]}, 'mode': 'full'}",False,"['Recall', 'MRR', 'NDCG', 'Hit', 'MAP', 'Precision', 'GAUC', 'ItemCoverage', 'AveragePopularity', 'GiniIndex', 'ShannonEntropy', 'TailPercentage']",10,MRR@10,True,4096,4,64,2,0.003,	, ,user_id,item_id,rating,timestamp,,label,,neg_,[],"{'inter': ['user_id', 'item_id']}",,,,,,True,"[0,inf)","[0,inf)",,,,,,,,,item_length,_list,50,position_id,head_id,tail_id,relation_id,entity_id,False,"[0,inf)","[0,inf)",,ModelType.GENERAL,utf-8,mind,SpectralCF,cuda,e203e37d-d0cf-4caf-a632-4dfa4a41ab71,MIND_SPECTRALCF_PARAMS_TUNING_1705171512
0,0,True,42,INFO,True,data/,saved/mind/SpectralCF,True,False,,False,,False,recbole,True,100,2048,adam,0.0001,"{'distribution': 'uniform', 'sample_num': 1, 'dynamic': False, 'candidate_num': 0, 'alpha': 1.0}",1,10,,0.0,4,False,False,False,,"{'group_by': 'user', 'order': 'RO', 'split': {'RS': [0.8, 0.1, 0.1]}, 'mode': 'full'}",False,"['Recall', 'MRR', 'NDCG', 'Hit', 'MAP', 'Precision', 'GAUC', 'ItemCoverage', 'AveragePopularity', 'GiniIndex', 'ShannonEntropy', 'TailPercentage']",10,MRR@10,True,4096,4,32,2,0.01,	, ,user_id,item_id,rating,timestamp,,label,,neg_,[],"{'inter': ['user_id', 'item_id']}",,,,,,True,"[0,inf)","[0,inf)",,,,,,,,,item_length,_list,50,position_id,head_id,tail_id,relation_id,entity_id,False,"[0,inf)","[0,inf)",,ModelType.GENERAL,utf-8,mind,SpectralCF,cuda,7d0d896e-ee20-4b83-bd48-a0fff7a44c44,MIND_SPECTRALCF_PARAMS_TUNING_1705171512
0,0,True,42,INFO,True,data/,saved/mind/SpectralCF,True,False,,False,,False,recbole,True,10,2048,adam,0.001,"{'distribution': 'uniform', 'sample_num': 1, 'dynamic': False, 'candidate_num': 0, 'alpha': 1.0}",1,10,,0.0,4,False,False,False,,"{'group_by': 'user', 'order': 'RO', 'split': {'RS': [0.8, 0.1, 0.1]}, 'mode': 'full'}",False,"['Recall', 'MRR', 'NDCG', 'Hit', 'MAP', 'Precision', 'GAUC', 'ItemCoverage', 'AveragePopularity', 'GiniIndex', 'ShannonEntropy', 'TailPercentage']",10,MRR@10,True,4096,4,64,1,0.01,	, ,user_id,item_id,rating,timestamp,,label,,neg_,[],"{'inter': ['user_id', 'item_id']}",,,,,,True,"[0,inf)","[0,inf)",,,,,,,,,item_length,_list,50,position_id,head_id,tail_id,relation_id,entity_id,False,"[0,inf)","[0,inf)",,ModelType.GENERAL,utf-8,mind,SpectralCF,cuda,c70a925c-1cdb-4ca9-a3ee-93613cf9eb82,MIND_SPECTRALCF_PARAMS_TUNING_1705171512
0,0,True,42,INFO,True,data/,saved/mind/SpectralCF,True,False,,False,,False,recbole,True,100,2048,adam,0.0001,"{'distribution': 'uniform', 'sample_num': 1, 'dynamic': False, 'candidate_num': 0, 'alpha': 1.0}",1,10,,0.0,4,False,False,False,,"{'group_by': 'user', 'order': 'RO', 'split': {'RS': [0.8, 0.1, 0.1]}, 'mode': 'full'}",False,"['Recall', 'MRR', 'NDCG', 'Hit', 'MAP', 'Precision', 'GAUC', 'ItemCoverage', 'AveragePopularity', 'GiniIndex', 'ShannonEntropy', 'TailPercentage']",10,MRR@10,True,4096,4,64,1,0.003,	, ,user_id,item_id,rating,timestamp,,label,,neg_,[],"{'inter': ['user_id', 'item_id']}",,,,,,True,"[0,inf)","[0,inf)",,,,,,,,,item_length,_list,50,position_id,head_id,tail_id,relation_id,entity_id,False,"[0,inf)","[0,inf)",,ModelType.GENERAL,utf-8,mind,SpectralCF,cuda,f3b898ec-979f-451c-907c-c04c064f19ea,MIND_SPECTRALCF_PARAMS_TUNING_1705171512
0,0,True,42,INFO,True,data/,saved/mind/SpectralCF,True,False,,False,,False,recbole,True,100,2048,adam,0.0001,"{'distribution': 'uniform', 'sample_num': 1, 'dynamic': False, 'candidate_num': 0, 'alpha': 1.0}",1,10,,0.0,4,False,False,False,,"{'group_by': 'user', 'order': 'RO', 'split': {'RS': [0.8, 0.1, 0.1]}, 'mode': 'full'}",False,"['Recall', 'MRR', 'NDCG', 'Hit', 'MAP', 'Precision', 'GAUC', 'ItemCoverage', 'AveragePopularity', 'GiniIndex', 'ShannonEntropy', 'TailPercentage']",10,MRR@10,True,4096,4,128,1,0.003,	, ,user_id,item_id,rating,timestamp,,label,,neg_,[],"{'inter': ['user_id', 'item_id']}",,,,,,True,"[0,inf)","[0,inf)",,,,,,,,,item_length,_list,50,position_id,head_id,tail_id,relation_id,entity_id,False,"[0,inf)","[0,inf)",,ModelType.GENERAL,utf-8,mind,SpectralCF,cuda,413364b3-4575-4196-83e6-98c97b9476ce,MIND_SPECTRALCF_PARAMS_TUNING_1705171512
0,0,True,42,INFO,True,data/,saved/mind/SpectralCF,True,False,,False,,False,recbole,True,10,2048,adam,0.0001,"{'distribution': 'uniform', 'sample_num': 1, 'dynamic': False, 'candidate_num': 0, 'alpha': 1.0}",1,10,,0.0,4,False,False,False,,"{'group_by': 'user', 'order': 'RO', 'split': {'RS': [0.8, 0.1, 0.1]}, 'mode': 'full'}",False,"['Recall', 'MRR', 'NDCG', 'Hit', 'MAP', 'Precision', 'GAUC', 'ItemCoverage', 'AveragePopularity', 'GiniIndex', 'ShannonEntropy', 'TailPercentage']",10,MRR@10,True,4096,4,32,1,0.003,	, ,user_id,item_id,rating,timestamp,,label,,neg_,[],"{'inter': ['user_id', 'item_id']}",,,,,,True,"[0,inf)","[0,inf)",,,,,,,,,item_length,_list,50,position_id,head_id,tail_id,relation_id,entity_id,False,"[0,inf)","[0,inf)",,ModelType.GENERAL,utf-8,mind,SpectralCF,cuda,dea96d3b-2089-4a3b-9132-cdc583113aa9,MIND_SPECTRALCF_PARAMS_TUNING_1705171512
0,0,True,42,INFO,True,data/,saved/mind/SpectralCF,True,False,,False,,False,recbole,True,10,2048,adam,0.01,"{'distribution': 'uniform', 'sample_num': 1, 'dynamic': False, 'candidate_num': 0, 'alpha': 1.0}",1,10,,0.0,4,False,False,False,,"{'group_by': 'user', 'order': 'RO', 'split': {'RS': [0.8, 0.1, 0.1]}, 'mode': 'full'}",False,"['Recall', 'MRR', 'NDCG', 'Hit', 'MAP', 'Precision', 'GAUC', 'ItemCoverage', 'AveragePopularity', 'GiniIndex', 'ShannonEntropy', 'TailPercentage']",10,MRR@10,True,4096,4,32,1,0.01,	, ,user_id,item_id,rating,timestamp,,label,,neg_,[],"{'inter': ['user_id', 'item_id']}",,,,,,True,"[0,inf)","[0,inf)",,,,,,,,,item_length,_list,50,position_id,head_id,tail_id,relation_id,entity_id,False,"[0,inf)","[0,inf)",,ModelType.GENERAL,utf-8,mind,SpectralCF,cuda,036ac313-85c6-42c0-8485-500fe8647244,MIND_SPECTRALCF_PARAMS_TUNING_1705171512
0,0,True,42,INFO,True,data/,saved/mind/SpectralCF,True,False,,False,,False,recbole,True,10,2048,adam,0.01,"{'distribution': 'uniform', 'sample_num': 1, 'dynamic': False, 'candidate_num': 0, 'alpha': 1.0}",1,10,,0.0,4,False,False,False,,"{'group_by': 'user', 'order': 'RO', 'split': {'RS': [0.8, 0.1, 0.1]}, 'mode': 'full'}",False,"['Recall', 'MRR', 'NDCG', 'Hit', 'MAP', 'Precision', 'GAUC', 'ItemCoverage', 'AveragePopularity', 'GiniIndex', 'ShannonEntropy', 'TailPercentage']",10,MRR@10,True,4096,4,128,2,0.01,	, ,user_id,item_id,rating,timestamp,,label,,neg_,[],"{'inter': ['user_id', 'item_id']}",,,,,,True,"[0,inf)","[0,inf)",,,,,,,,,item_length,_list,50,position_id,head_id,tail_id,relation_id,entity_id,False,"[0,inf)","[0,inf)",,ModelType.GENERAL,utf-8,mind,SpectralCF,cuda,14b2ccf3-7b30-4e44-ac51-8b27f2083415,MIND_SPECTRALCF_PARAMS_TUNING_1705171512
0,0,True,42,INFO,True,data/,saved/mind/SpectralCF,True,False,,False,,False,recbole,True,10,2048,adam,0.001,"{'distribution': 'uniform', 'sample_num': 1, 'dynamic': False, 'candidate_num': 0, 'alpha': 1.0}",1,10,,0.0,4,False,False,False,,"{'group_by': 'user', 'order': 'RO', 'split': {'RS': [0.8, 0.1, 0.1]}, 'mode': 'full'}",False,"['Recall', 'MRR', 'NDCG', 'Hit', 'MAP', 'Precision', 'GAUC', 'ItemCoverage', 'AveragePopularity', 'GiniIndex', 'ShannonEntropy', 'TailPercentage']",10,MRR@10,True,4096,4,64,2,0.003,	, ,user_id,item_id,rating,timestamp,,label,,neg_,[],"{'inter': ['user_id', 'item_id']}",,,,,,True,"[0,inf)","[0,inf)",,,,,,,,,item_length,_list,50,position_id,head_id,tail_id,relation_id,entity_id,False,"[0,inf)","[0,inf)",,ModelType.GENERAL,utf-8,mind,SpectralCF,cuda,8d34fdc2-9ce3-4d47-96d9-138047277604,MIND_SPECTRALCF_PARAMS_TUNING_1705171512
0,0,True,42,INFO,True,data/,saved/mind/SpectralCF,True,False,,False,,False,recbole,True,100,2048,adam,0.001,"{'distribution': 'uniform', 'sample_num': 1, 'dynamic': False, 'candidate_num': 0, 'alpha': 1.0}",1,10,,0.0,4,False,False,False,,"{'group_by': 'user', 'order': 'RO', 'split': {'RS': [0.8, 0.1, 0.1]}, 'mode': 'full'}",False,"['Recall', 'MRR', 'NDCG', 'Hit', 'MAP', 'Precision', 'GAUC', 'ItemCoverage', 'AveragePopularity', 'GiniIndex', 'ShannonEntropy', 'TailPercentage']",10,MRR@10,True,4096,4,64,1,0.003,	, ,user_id,item_id,rating,timestamp,,label,,neg_,[],"{'inter': ['user_id', 'item_id']}",,,,,,True,"[0,inf)","[0,inf)",,,,,,,,,item_length,_list,50,position_id,head_id,tail_id,relation_id,entity_id,False,"[0,inf)","[0,inf)",,ModelType.GENERAL,utf-8,mind,SpectralCF,cuda,4b84f7de-17cf-414a-96e3-3008e58393a1,MIND_SPECTRALCF_PARAMS_TUNING_1705171512
0,0,True,42,INFO,True,data/,saved/mind/SpectralCF,True,False,,False,,False,recbole,True,100,2048,adam,0.001,"{'distribution': 'uniform', 'sample_num': 1, 'dynamic': False, 'candidate_num': 0, 'alpha': 1.0}",1,10,,0.0,4,False,False,False,,"{'group_by': 'user', 'order': 'RO', 'split': {'RS': [0.8, 0.1, 0.1]}, 'mode': 'full'}",False,"['Recall', 'MRR', 'NDCG', 'Hit', 'MAP', 'Precision', 'GAUC', 'ItemCoverage', 'AveragePopularity', 'GiniIndex', 'ShannonEntropy', 'TailPercentage']",10,MRR@10,True,4096,4,32,2,0.01,	, ,user_id,item_id,rating,timestamp,,label,,neg_,[],"{'inter': ['user_id', 'item_id']}",,,,,,True,"[0,inf)","[0,inf)",,,,,,,,,item_length,_list,50,position_id,head_id,tail_id,relation_id,entity_id,False,"[0,inf)","[0,inf)",,ModelType.GENERAL,utf-8,mind,SpectralCF,cuda,aaa6c392-b01b-4095-89a0-0c16c00e5490,MIND_SPECTRALCF_PARAMS_TUNING_1705171512
0,0,True,42,INFO,True,data/,saved/mind/SpectralCF,True,False,,False,,False,recbole,True,50,2048,adam,0.01,"{'distribution': 'uniform', 'sample_num': 1, 'dynamic': False, 'candidate_num': 0, 'alpha': 1.0}",1,10,,0.0,4,False,False,False,,"{'group_by': 'user', 'order': 'RO', 'split': {'RS': [0.8, 0.1, 0.1]}, 'mode': 'full'}",False,"['Recall', 'MRR', 'NDCG', 'Hit', 'MAP', 'Precision', 'GAUC', 'ItemCoverage', 'AveragePopularity', 'GiniIndex', 'ShannonEntropy', 'TailPercentage']",10,MRR@10,True,4096,4,64,1,0.003,	, ,user_id,item_id,rating,timestamp,,label,,neg_,[],"{'inter': ['user_id', 'item_id']}",,,,,,True,"[0,inf)","[0,inf)",,,,,,,,,item_length,_list,50,position_id,head_id,tail_id,relation_id,entity_id,False,"[0,inf)","[0,inf)",,ModelType.GENERAL,utf-8,mind,SpectralCF,cuda,1c02901c-2634-4674-aff0-3aacac08479d,MIND_SPECTRALCF_PARAMS_TUNING_1705171512
0,0,True,42,INFO,True,data/,saved/mind/SpectralCF,True,False,,False,,False,recbole,True,50,2048,adam,0.0001,"{'distribution': 'uniform', 'sample_num': 1, 'dynamic': False, 'candidate_num': 0, 'alpha': 1.0}",1,10,,0.0,4,False,False,False,,"{'group_by': 'user', 'order': 'RO', 'split': {'RS': [0.8, 0.1, 0.1]}, 'mode': 'full'}",False,"['Recall', 'MRR', 'NDCG', 'Hit', 'MAP', 'Precision', 'GAUC', 'ItemCoverage', 'AveragePopularity', 'GiniIndex', 'ShannonEntropy', 'TailPercentage']",10,MRR@10,True,4096,4,64,2,0.01,	, ,user_id,item_id,rating,timestamp,,label,,neg_,[],"{'inter': ['user_id', 'item_id']}",,,,,,True,"[0,inf)","[0,inf)",,,,,,,,,item_length,_list,50,position_id,head_id,tail_id,relation_id,entity_id,False,"[0,inf)","[0,inf)",,ModelType.GENERAL,utf-8,mind,SpectralCF,cuda,0bb5a555-4ca3-41d0-8bf9-2f06c7e55181,MIND_SPECTRALCF_PARAMS_TUNING_1705171512
0,0,True,42,INFO,True,data/,saved/mind/SpectralCF,True,False,,False,,False,recbole,True,10,2048,adam,0.0001,"{'distribution': 'uniform', 'sample_num': 1, 'dynamic': False, 'candidate_num': 0, 'alpha': 1.0}",1,10,,0.0,4,False,False,False,,"{'group_by': 'user', 'order': 'RO', 'split': {'RS': [0.8, 0.1, 0.1]}, 'mode': 'full'}",False,"['Recall', 'MRR', 'NDCG', 'Hit', 'MAP', 'Precision', 'GAUC', 'ItemCoverage', 'AveragePopularity', 'GiniIndex', 'ShannonEntropy', 'TailPercentage']",10,MRR@10,True,4096,4,128,2,0.01,	, ,user_id,item_id,rating,timestamp,,label,,neg_,[],"{'inter': ['user_id', 'item_id']}",,,,,,True,"[0,inf)","[0,inf)",,,,,,,,,item_length,_list,50,position_id,head_id,tail_id,relation_id,entity_id,False,"[0,inf)","[0,inf)",,ModelType.GENERAL,utf-8,mind,SpectralCF,cuda,8e499f59-082a-4d2d-89a0-c884adce5854,MIND_SPECTRALCF_PARAMS_TUNING_1705171512
0,0,True,42,INFO,True,data/,saved/mind/SpectralCF,True,False,,False,,False,recbole,True,100,2048,adam,0.0001,"{'distribution': 'uniform', 'sample_num': 1, 'dynamic': False, 'candidate_num': 0, 'alpha': 1.0}",1,10,,0.0,4,False,False,False,,"{'group_by': 'user', 'order': 'RO', 'split': {'RS': [0.8, 0.1, 0.1]}, 'mode': 'full'}",False,"['Recall', 'MRR', 'NDCG', 'Hit', 'MAP', 'Precision', 'GAUC', 'ItemCoverage', 'AveragePopularity', 'GiniIndex', 'ShannonEntropy', 'TailPercentage']",10,MRR@10,True,4096,4,32,1,0.01,	, ,user_id,item_id,rating,timestamp,,label,,neg_,[],"{'inter': ['user_id', 'item_id']}",,,,,,True,"[0,inf)","[0,inf)",,,,,,,,,item_length,_list,50,position_id,head_id,tail_id,relation_id,entity_id,False,"[0,inf)","[0,inf)",,ModelType.GENERAL,utf-8,mind,SpectralCF,cuda,9ff92ad3-7050-437c-9f97-7f38586be1ea,MIND_SPECTRALCF_PARAMS_TUNING_1705171512
0,0,True,42,INFO,True,data/,saved/mind/SpectralCF,True,False,,False,,False,recbole,True,50,2048,adam,0.001,"{'distribution': 'uniform', 'sample_num': 1, 'dynamic': False, 'candidate_num': 0, 'alpha': 1.0}",1,10,,0.0,4,False,False,False,,"{'group_by': 'user', 'order': 'RO', 'split': {'RS': [0.8, 0.1, 0.1]}, 'mode': 'full'}",False,"['Recall', 'MRR', 'NDCG', 'Hit', 'MAP', 'Precision', 'GAUC', 'ItemCoverage', 'AveragePopularity', 'GiniIndex', 'ShannonEntropy', 'TailPercentage']",10,MRR@10,True,4096,4,128,2,0.003,	, ,user_id,item_id,rating,timestamp,,label,,neg_,[],"{'inter': ['user_id', 'item_id']}",,,,,,True,"[0,inf)","[0,inf)",,,,,,,,,item_length,_list,50,position_id,head_id,tail_id,relation_id,entity_id,False,"[0,inf)","[0,inf)",,ModelType.GENERAL,utf-8,mind,SpectralCF,cuda,c6fd7073-50a6-4223-95a9-30c982cb9fea,MIND_SPECTRALCF_PARAMS_TUNING_1705171512
0,0,True,42,INFO,True,data/,saved/mind/SpectralCF,True,False,,False,,False,recbole,True,50,2048,adam,0.001,"{'distribution': 'uniform', 'sample_num': 1, 'dynamic': False, 'candidate_num': 0, 'alpha': 1.0}",1,10,,0.0,4,False,False,False,,"{'group_by': 'user', 'order': 'RO', 'split': {'RS': [0.8, 0.1, 0.1]}, 'mode': 'full'}",False,"['Recall', 'MRR', 'NDCG', 'Hit', 'MAP', 'Precision', 'GAUC', 'ItemCoverage', 'AveragePopularity', 'GiniIndex', 'ShannonEntropy', 'TailPercentage']",10,MRR@10,True,4096,4,64,2,0.01,	, ,user_id,item_id,rating,timestamp,,label,,neg_,[],"{'inter': ['user_id', 'item_id']}",,,,,,True,"[0,inf)","[0,inf)",,,,,,,,,item_length,_list,50,position_id,head_id,tail_id,relation_id,entity_id,False,"[0,inf)","[0,inf)",,ModelType.GENERAL,utf-8,mind,SpectralCF,cuda,253e2ac7-e6c7-4ba9-ba1e-847a761228aa,MIND_SPECTRALCF_PARAMS_TUNING_1705171512
0,0,True,42,INFO,True,data/,saved/mind/SpectralCF,True,False,,False,,False,recbole,True,10,2048,adam,0.01,"{'distribution': 'uniform', 'sample_num': 1, 'dynamic': False, 'candidate_num': 0, 'alpha': 1.0}",1,10,,0.0,4,False,False,False,,"{'group_by': 'user', 'order': 'RO', 'split': {'RS': [0.8, 0.1, 0.1]}, 'mode': 'full'}",False,"['Recall', 'MRR', 'NDCG', 'Hit', 'MAP', 'Precision', 'GAUC', 'ItemCoverage', 'AveragePopularity', 'GiniIndex', 'ShannonEntropy', 'TailPercentage']",10,MRR@10,True,4096,4,128,2,0.003,	, ,user_id,item_id,rating,timestamp,,label,,neg_,[],"{'inter': ['user_id', 'item_id']}",,,,,,True,"[0,inf)","[0,inf)",,,,,,,,,item_length,_list,50,position_id,head_id,tail_id,relation_id,entity_id,False,"[0,inf)","[0,inf)",,ModelType.GENERAL,utf-8,mind,SpectralCF,cuda,175fd13c-e0ca-43a9-abe2-c3401bbfc45c,MIND_SPECTRALCF_PARAMS_TUNING_1705171512
0,0,True,42,INFO,True,data/,saved/mind/SpectralCF,True,False,,False,,False,recbole,True,10,2048,adam,0.0001,"{'distribution': 'uniform', 'sample_num': 1, 'dynamic': False, 'candidate_num': 0, 'alpha': 1.0}",1,10,,0.0,4,False,False,False,,"{'group_by': 'user', 'order': 'RO', 'split': {'RS': [0.8, 0.1, 0.1]}, 'mode': 'full'}",False,"['Recall', 'MRR', 'NDCG', 'Hit', 'MAP', 'Precision', 'GAUC', 'ItemCoverage', 'AveragePopularity', 'GiniIndex', 'ShannonEntropy', 'TailPercentage']",10,MRR@10,True,4096,4,64,2,0.01,	, ,user_id,item_id,rating,timestamp,,label,,neg_,[],"{'inter': ['user_id', 'item_id']}",,,,,,True,"[0,inf)","[0,inf)",,,,,,,,,item_length,_list,50,position_id,head_id,tail_id,relation_id,entity_id,False,"[0,inf)","[0,inf)",,ModelType.GENERAL,utf-8,mind,SpectralCF,cuda,fa4fdcf2-372b-4363-8644-c4467a076f55,MIND_SPECTRALCF_PARAMS_TUNING_1705171512
0,0,True,42,INFO,True,data/,saved/mind/SpectralCF,True,False,,False,,False,recbole,True,10,2048,adam,0.01,"{'distribution': 'uniform', 'sample_num': 1, 'dynamic': False, 'candidate_num': 0, 'alpha': 1.0}",1,10,,0.0,4,False,False,False,,"{'group_by': 'user', 'order': 'RO', 'split': {'RS': [0.8, 0.1, 0.1]}, 'mode': 'full'}",False,"['Recall', 'MRR', 'NDCG', 'Hit', 'MAP', 'Precision', 'GAUC', 'ItemCoverage', 'AveragePopularity', 'GiniIndex', 'ShannonEntropy', 'TailPercentage']",10,MRR@10,True,4096,4,32,1,0.003,	, ,user_id,item_id,rating,timestamp,,label,,neg_,[],"{'inter': ['user_id', 'item_id']}",,,,,,True,"[0,inf)","[0,inf)",,,,,,,,,item_length,_list,50,position_id,head_id,tail_id,relation_id,entity_id,False,"[0,inf)","[0,inf)",,ModelType.GENERAL,utf-8,mind,SpectralCF,cuda,6eb02a34-a721-4ab8-b0bb-74077e2163bd,MIND_SPECTRALCF_PARAMS_TUNING_1705171512
0,0,True,42,INFO,True,data/,saved/mind/SpectralCF,True,False,,False,,False,recbole,True,50,2048,adam,0.01,"{'distribution': 'uniform', 'sample_num': 1, 'dynamic': False, 'candidate_num': 0, 'alpha': 1.0}",1,10,,0.0,4,False,False,False,,"{'group_by': 'user', 'order': 'RO', 'split': {'RS': [0.8, 0.1, 0.1]}, 'mode': 'full'}",False,"['Recall', 'MRR', 'NDCG', 'Hit', 'MAP', 'Precision', 'GAUC', 'ItemCoverage', 'AveragePopularity', 'GiniIndex', 'ShannonEntropy', 'TailPercentage']",10,MRR@10,True,4096,4,32,1,0.003,	, ,user_id,item_id,rating,timestamp,,label,,neg_,[],"{'inter': ['user_id', 'item_id']}",,,,,,True,"[0,inf)","[0,inf)",,,,,,,,,item_length,_list,50,position_id,head_id,tail_id,relation_id,entity_id,False,"[0,inf)","[0,inf)",,ModelType.GENERAL,utf-8,mind,SpectralCF,cuda,9e547af1-2e22-4b3e-b00f-1d1ccc658c5a,MIND_SPECTRALCF_PARAMS_TUNING_1705171512
0,0,True,42,INFO,True,data/,saved/mind/SpectralCF,True,False,,False,,False,recbole,True,50,2048,adam,0.001,"{'distribution': 'uniform', 'sample_num': 1, 'dynamic': False, 'candidate_num': 0, 'alpha': 1.0}",1,10,,0.0,4,False,False,False,,"{'group_by': 'user', 'order': 'RO', 'split': {'RS': [0.8, 0.1, 0.1]}, 'mode': 'full'}",False,"['Recall', 'MRR', 'NDCG', 'Hit', 'MAP', 'Precision', 'GAUC', 'ItemCoverage', 'AveragePopularity', 'GiniIndex', 'ShannonEntropy', 'TailPercentage']",10,MRR@10,True,4096,4,128,1,0.01,	, ,user_id,item_id,rating,timestamp,,label,,neg_,[],"{'inter': ['user_id', 'item_id']}",,,,,,True,"[0,inf)","[0,inf)",,,,,,,,,item_length,_list,50,position_id,head_id,tail_id,relation_id,entity_id,False,"[0,inf)","[0,inf)",,ModelType.GENERAL,utf-8,mind,SpectralCF,cuda,c28f0475-7599-4350-89f5-8e57bf7502fe,MIND_SPECTRALCF_PARAMS_TUNING_1705171512
0,0,True,42,INFO,True,data/,saved/mind/SpectralCF,True,False,,False,,False,recbole,True,50,2048,adam,0.001,"{'distribution': 'uniform', 'sample_num': 1, 'dynamic': False, 'candidate_num': 0, 'alpha': 1.0}",1,10,,0.0,4,False,False,False,,"{'group_by': 'user', 'order': 'RO', 'split': {'RS': [0.8, 0.1, 0.1]}, 'mode': 'full'}",False,"['Recall', 'MRR', 'NDCG', 'Hit', 'MAP', 'Precision', 'GAUC', 'ItemCoverage', 'AveragePopularity', 'GiniIndex', 'ShannonEntropy', 'TailPercentage']",10,MRR@10,True,4096,4,128,2,0.01,	, ,user_id,item_id,rating,timestamp,,label,,neg_,[],"{'inter': ['user_id', 'item_id']}",,,,,,True,"[0,inf)","[0,inf)",,,,,,,,,item_length,_list,50,position_id,head_id,tail_id,relation_id,entity_id,False,"[0,inf)","[0,inf)",,ModelType.GENERAL,utf-8,mind,SpectralCF,cuda,b88841ef-423e-4f2a-b192-cf23ddfd163c,MIND_SPECTRALCF_PARAMS_TUNING_1705171512
0,0,True,42,INFO,True,data/,saved/mind/SpectralCF,True,False,,False,,False,recbole,True,50,2048,adam,0.0001,"{'distribution': 'uniform', 'sample_num': 1, 'dynamic': False, 'candidate_num': 0, 'alpha': 1.0}",1,10,,0.0,4,False,False,False,,"{'group_by': 'user', 'order': 'RO', 'split': {'RS': [0.8, 0.1, 0.1]}, 'mode': 'full'}",False,"['Recall', 'MRR', 'NDCG', 'Hit', 'MAP', 'Precision', 'GAUC', 'ItemCoverage', 'AveragePopularity', 'GiniIndex', 'ShannonEntropy', 'TailPercentage']",10,MRR@10,True,4096,4,64,2,0.003,	, ,user_id,item_id,rating,timestamp,,label,,neg_,[],"{'inter': ['user_id', 'item_id']}",,,,,,True,"[0,inf)","[0,inf)",,,,,,,,,item_length,_list,50,position_id,head_id,tail_id,relation_id,entity_id,False,"[0,inf)","[0,inf)",,ModelType.GENERAL,utf-8,mind,SpectralCF,cuda,3da221e5-0280-44e8-bb18-18cf6e72631b,MIND_SPECTRALCF_PARAMS_TUNING_1705171512
0,0,True,42,INFO,True,data/,saved/mind/SpectralCF,True,False,,False,,False,recbole,True,50,2048,adam,0.01,"{'distribution': 'uniform', 'sample_num': 1, 'dynamic': False, 'candidate_num': 0, 'alpha': 1.0}",1,10,,0.0,4,False,False,False,,"{'group_by': 'user', 'order': 'RO', 'split': {'RS': [0.8, 0.1, 0.1]}, 'mode': 'full'}",False,"['Recall', 'MRR', 'NDCG', 'Hit', 'MAP', 'Precision', 'GAUC', 'ItemCoverage', 'AveragePopularity', 'GiniIndex', 'ShannonEntropy', 'TailPercentage']",10,MRR@10,True,4096,4,64,2,0.003,	, ,user_id,item_id,rating,timestamp,,label,,neg_,[],"{'inter': ['user_id', 'item_id']}",,,,,,True,"[0,inf)","[0,inf)",,,,,,,,,item_length,_list,50,position_id,head_id,tail_id,relation_id,entity_id,False,"[0,inf)","[0,inf)",,ModelType.GENERAL,utf-8,mind,SpectralCF,cuda,522204f5-5022-4e7d-bd31-993d0701ee2c,MIND_SPECTRALCF_PARAMS_TUNING_1705171512
0,0,True,42,INFO,True,data/,saved/mind/SpectralCF,True,False,,False,,False,recbole,True,50,2048,adam,0.0001,"{'distribution': 'uniform', 'sample_num': 1, 'dynamic': False, 'candidate_num': 0, 'alpha': 1.0}",1,10,,0.0,4,False,False,False,,"{'group_by': 'user', 'order': 'RO', 'split': {'RS': [0.8, 0.1, 0.1]}, 'mode': 'full'}",False,"['Recall', 'MRR', 'NDCG', 'Hit', 'MAP', 'Precision', 'GAUC', 'ItemCoverage', 'AveragePopularity', 'GiniIndex', 'ShannonEntropy', 'TailPercentage']",10,MRR@10,True,4096,4,128,2,0.01,	, ,user_id,item_id,rating,timestamp,,label,,neg_,[],"{'inter': ['user_id', 'item_id']}",,,,,,True,"[0,inf)","[0,inf)",,,,,,,,,item_length,_list,50,position_id,head_id,tail_id,relation_id,entity_id,False,"[0,inf)","[0,inf)",,ModelType.GENERAL,utf-8,mind,SpectralCF,cuda,bfb1a05f-90e3-424c-bd3f-4805382ce885,MIND_SPECTRALCF_PARAMS_TUNING_1705171512
0,0,True,42,INFO,True,data/,saved/mind/SpectralCF,True,False,,False,,False,recbole,True,50,2048,adam,0.001,"{'distribution': 'uniform', 'sample_num': 1, 'dynamic': False, 'candidate_num': 0, 'alpha': 1.0}",1,10,,0.0,4,False,False,False,,"{'group_by': 'user', 'order': 'RO', 'split': {'RS': [0.8, 0.1, 0.1]}, 'mode': 'full'}",False,"['Recall', 'MRR', 'NDCG', 'Hit', 'MAP', 'Precision', 'GAUC', 'ItemCoverage', 'AveragePopularity', 'GiniIndex', 'ShannonEntropy', 'TailPercentage']",10,MRR@10,True,4096,4,64,1,0.003,	, ,user_id,item_id,rating,timestamp,,label,,neg_,[],"{'inter': ['user_id', 'item_id']}",,,,,,True,"[0,inf)","[0,inf)",,,,,,,,,item_length,_list,50,position_id,head_id,tail_id,relation_id,entity_id,False,"[0,inf)","[0,inf)",,ModelType.GENERAL,utf-8,mind,SpectralCF,cuda,e71809d9-5240-4e5b-ae2f-ec520cc5e727,MIND_SPECTRALCF_PARAMS_TUNING_1705171512
0,0,True,42,INFO,True,data/,saved/mind/SpectralCF,True,False,,False,,False,recbole,True,10,2048,adam,0.001,"{'distribution': 'uniform', 'sample_num': 1, 'dynamic': False, 'candidate_num': 0, 'alpha': 1.0}",1,10,,0.0,4,False,False,False,,"{'group_by': 'user', 'order': 'RO', 'split': {'RS': [0.8, 0.1, 0.1]}, 'mode': 'full'}",False,"['Recall', 'MRR', 'NDCG', 'Hit', 'MAP', 'Precision', 'GAUC', 'ItemCoverage', 'AveragePopularity', 'GiniIndex', 'ShannonEntropy', 'TailPercentage']",10,MRR@10,True,4096,4,64,1,0.003,	, ,user_id,item_id,rating,timestamp,,label,,neg_,[],"{'inter': ['user_id', 'item_id']}",,,,,,True,"[0,inf)","[0,inf)",,,,,,,,,item_length,_list,50,position_id,head_id,tail_id,relation_id,entity_id,False,"[0,inf)","[0,inf)",,ModelType.GENERAL,utf-8,mind,SpectralCF,cuda,050a19af-191c-46a3-b7c7-e5c777358092,MIND_SPECTRALCF_PARAMS_TUNING_1705171512
0,0,True,42,INFO,True,data/,saved/mind/SpectralCF,True,False,,False,,False,recbole,True,100,2048,adam,0.01,"{'distribution': 'uniform', 'sample_num': 1, 'dynamic': False, 'candidate_num': 0, 'alpha': 1.0}",1,10,,0.0,4,False,False,False,,"{'group_by': 'user', 'order': 'RO', 'split': {'RS': [0.8, 0.1, 0.1]}, 'mode': 'full'}",False,"['Recall', 'MRR', 'NDCG', 'Hit', 'MAP', 'Precision', 'GAUC', 'ItemCoverage', 'AveragePopularity', 'GiniIndex', 'ShannonEntropy', 'TailPercentage']",10,MRR@10,True,4096,4,32,1,0.003,	, ,user_id,item_id,rating,timestamp,,label,,neg_,[],"{'inter': ['user_id', 'item_id']}",,,,,,True,"[0,inf)","[0,inf)",,,,,,,,,item_length,_list,50,position_id,head_id,tail_id,relation_id,entity_id,False,"[0,inf)","[0,inf)",,ModelType.GENERAL,utf-8,mind,SpectralCF,cuda,d95207ff-d6f0-46d0-89f0-bc4d1a9eebab,MIND_SPECTRALCF_PARAMS_TUNING_1705171512
0,0,True,42,INFO,True,data/,saved/mind/SpectralCF,True,False,,False,,False,recbole,True,100,2048,adam,0.0001,"{'distribution': 'uniform', 'sample_num': 1, 'dynamic': False, 'candidate_num': 0, 'alpha': 1.0}",1,10,,0.0,4,False,False,False,,"{'group_by': 'user', 'order': 'RO', 'split': {'RS': [0.8, 0.1, 0.1]}, 'mode': 'full'}",False,"['Recall', 'MRR', 'NDCG', 'Hit', 'MAP', 'Precision', 'GAUC', 'ItemCoverage', 'AveragePopularity', 'GiniIndex', 'ShannonEntropy', 'TailPercentage']",10,MRR@10,True,4096,4,128,2,0.003,	, ,user_id,item_id,rating,timestamp,,label,,neg_,[],"{'inter': ['user_id', 'item_id']}",,,,,,True,"[0,inf)","[0,inf)",,,,,,,,,item_length,_list,50,position_id,head_id,tail_id,relation_id,entity_id,False,"[0,inf)","[0,inf)",,ModelType.GENERAL,utf-8,mind,SpectralCF,cuda,5e411702-d5e4-4f14-b20d-76f69258dcef,MIND_SPECTRALCF_PARAMS_TUNING_1705171512
0,0,True,42,INFO,True,data/,saved/mind/SpectralCF,True,False,,False,,False,recbole,True,100,2048,adam,0.01,"{'distribution': 'uniform', 'sample_num': 1, 'dynamic': False, 'candidate_num': 0, 'alpha': 1.0}",1,10,,0.0,4,False,False,False,,"{'group_by': 'user', 'order': 'RO', 'split': {'RS': [0.8, 0.1, 0.1]}, 'mode': 'full'}",False,"['Recall', 'MRR', 'NDCG', 'Hit', 'MAP', 'Precision', 'GAUC', 'ItemCoverage', 'AveragePopularity', 'GiniIndex', 'ShannonEntropy', 'TailPercentage']",10,MRR@10,True,4096,4,64,1,0.003,	, ,user_id,item_id,rating,timestamp,,label,,neg_,[],"{'inter': ['user_id', 'item_id']}",,,,,,True,"[0,inf)","[0,inf)",,,,,,,,,item_length,_list,50,position_id,head_id,tail_id,relation_id,entity_id,False,"[0,inf)","[0,inf)",,ModelType.GENERAL,utf-8,mind,SpectralCF,cuda,358ee9fb-9ea6-4b6a-a9b6-cfe57be40866,MIND_SPECTRALCF_PARAMS_TUNING_1705171512
0,0,True,42,INFO,True,data/,saved/mind/SpectralCF,True,False,,False,,False,recbole,True,10,2048,adam,0.001,"{'distribution': 'uniform', 'sample_num': 1, 'dynamic': False, 'candidate_num': 0, 'alpha': 1.0}",1,10,,0.0,4,False,False,False,,"{'group_by': 'user', 'order': 'RO', 'split': {'RS': [0.8, 0.1, 0.1]}, 'mode': 'full'}",False,"['Recall', 'MRR', 'NDCG', 'Hit', 'MAP', 'Precision', 'GAUC', 'ItemCoverage', 'AveragePopularity', 'GiniIndex', 'ShannonEntropy', 'TailPercentage']",10,MRR@10,True,4096,4,64,2,0.01,	, ,user_id,item_id,rating,timestamp,,label,,neg_,[],"{'inter': ['user_id', 'item_id']}",,,,,,True,"[0,inf)","[0,inf)",,,,,,,,,item_length,_list,50,position_id,head_id,tail_id,relation_id,entity_id,False,"[0,inf)","[0,inf)",,ModelType.GENERAL,utf-8,mind,SpectralCF,cuda,4ef57bea-6537-4515-90e9-d42536251320,MIND_SPECTRALCF_PARAMS_TUNING_1705171512
0,0,True,42,INFO,True,data/,saved/mind/SpectralCF,True,False,,False,,False,recbole,True,100,2048,adam,0.001,"{'distribution': 'uniform', 'sample_num': 1, 'dynamic': False, 'candidate_num': 0, 'alpha': 1.0}",1,10,,0.0,4,False,False,False,,"{'group_by': 'user', 'order': 'RO', 'split': {'RS': [0.8, 0.1, 0.1]}, 'mode': 'full'}",False,"['Recall', 'MRR', 'NDCG', 'Hit', 'MAP', 'Precision', 'GAUC', 'ItemCoverage', 'AveragePopularity', 'GiniIndex', 'ShannonEntropy', 'TailPercentage']",10,MRR@10,True,4096,4,64,2,0.003,	, ,user_id,item_id,rating,timestamp,,label,,neg_,[],"{'inter': ['user_id', 'item_id']}",,,,,,True,"[0,inf)","[0,inf)",,,,,,,,,item_length,_list,50,position_id,head_id,tail_id,relation_id,entity_id,False,"[0,inf)","[0,inf)",,ModelType.GENERAL,utf-8,mind,SpectralCF,cuda,82901183-a3de-469e-9c07-36bbe0f5216e,MIND_SPECTRALCF_PARAMS_TUNING_1705171512
0,0,True,42,INFO,True,data/,saved/mind/SpectralCF,True,False,,False,,False,recbole,True,10,2048,adam,0.0001,"{'distribution': 'uniform', 'sample_num': 1, 'dynamic': False, 'candidate_num': 0, 'alpha': 1.0}",1,10,,0.0,4,False,False,False,,"{'group_by': 'user', 'order': 'RO', 'split': {'RS': [0.8, 0.1, 0.1]}, 'mode': 'full'}",False,"['Recall', 'MRR', 'NDCG', 'Hit', 'MAP', 'Precision', 'GAUC', 'ItemCoverage', 'AveragePopularity', 'GiniIndex', 'ShannonEntropy', 'TailPercentage']",10,MRR@10,True,4096,4,32,1,0.01,	, ,user_id,item_id,rating,timestamp,,label,,neg_,[],"{'inter': ['user_id', 'item_id']}",,,,,,True,"[0,inf)","[0,inf)",,,,,,,,,item_length,_list,50,position_id,head_id,tail_id,relation_id,entity_id,False,"[0,inf)","[0,inf)",,ModelType.GENERAL,utf-8,mind,SpectralCF,cuda,05562ad0-cd20-4f96-aab6-4ab8be78a9e7,MIND_SPECTRALCF_PARAMS_TUNING_1705171512
0,0,True,42,INFO,True,data/,saved/mind/SpectralCF,True,False,,False,,False,recbole,True,50,2048,adam,0.001,"{'distribution': 'uniform', 'sample_num': 1, 'dynamic': False, 'candidate_num': 0, 'alpha': 1.0}",1,10,,0.0,4,False,False,False,,"{'group_by': 'user', 'order': 'RO', 'split': {'RS': [0.8, 0.1, 0.1]}, 'mode': 'full'}",False,"['Recall', 'MRR', 'NDCG', 'Hit', 'MAP', 'Precision', 'GAUC', 'ItemCoverage', 'AveragePopularity', 'GiniIndex', 'ShannonEntropy', 'TailPercentage']",10,MRR@10,True,4096,4,32,1,0.01,	, ,user_id,item_id,rating,timestamp,,label,,neg_,[],"{'inter': ['user_id', 'item_id']}",,,,,,True,"[0,inf)","[0,inf)",,,,,,,,,item_length,_list,50,position_id,head_id,tail_id,relation_id,entity_id,False,"[0,inf)","[0,inf)",,ModelType.GENERAL,utf-8,mind,SpectralCF,cuda,6e118bda-64a1-4f9d-b1b7-bfcd8da59571,MIND_SPECTRALCF_PARAMS_TUNING_1705171512
0,0,True,42,INFO,True,data/,saved/mind/SpectralCF,True,False,,False,,False,recbole,True,100,2048,adam,0.0001,"{'distribution': 'uniform', 'sample_num': 1, 'dynamic': False, 'candidate_num': 0, 'alpha': 1.0}",1,10,,0.0,4,False,False,False,,"{'group_by': 'user', 'order': 'RO', 'split': {'RS': [0.8, 0.1, 0.1]}, 'mode': 'full'}",False,"['Recall', 'MRR', 'NDCG', 'Hit', 'MAP', 'Precision', 'GAUC', 'ItemCoverage', 'AveragePopularity', 'GiniIndex', 'ShannonEntropy', 'TailPercentage']",10,MRR@10,True,4096,4,128,2,0.01,	, ,user_id,item_id,rating,timestamp,,label,,neg_,[],"{'inter': ['user_id', 'item_id']}",,,,,,True,"[0,inf)","[0,inf)",,,,,,,,,item_length,_list,50,position_id,head_id,tail_id,relation_id,entity_id,False,"[0,inf)","[0,inf)",,ModelType.GENERAL,utf-8,mind,SpectralCF,cuda,39a9a9d1-7868-4fdb-b31f-901d2af2196d,MIND_SPECTRALCF_PARAMS_TUNING_1705171512
0,0,True,42,INFO,True,data/,saved/mind/SpectralCF,True,False,,False,,False,recbole,True,50,2048,adam,0.0001,"{'distribution': 'uniform', 'sample_num': 1, 'dynamic': False, 'candidate_num': 0, 'alpha': 1.0}",1,10,,0.0,4,False,False,False,,"{'group_by': 'user', 'order': 'RO', 'split': {'RS': [0.8, 0.1, 0.1]}, 'mode': 'full'}",False,"['Recall', 'MRR', 'NDCG', 'Hit', 'MAP', 'Precision', 'GAUC', 'ItemCoverage', 'AveragePopularity', 'GiniIndex', 'ShannonEntropy', 'TailPercentage']",10,MRR@10,True,4096,4,32,2,0.003,	, ,user_id,item_id,rating,timestamp,,label,,neg_,[],"{'inter': ['user_id', 'item_id']}",,,,,,True,"[0,inf)","[0,inf)",,,,,,,,,item_length,_list,50,position_id,head_id,tail_id,relation_id,entity_id,False,"[0,inf)","[0,inf)",,ModelType.GENERAL,utf-8,mind,SpectralCF,cuda,a8ed5a97-1a21-4f1c-9fbe-eec692d859f6,MIND_SPECTRALCF_PARAMS_TUNING_1705171512
0,0,True,42,INFO,True,data/,saved/mind/SpectralCF,True,False,,False,,False,recbole,True,50,2048,adam,0.001,"{'distribution': 'uniform', 'sample_num': 1, 'dynamic': False, 'candidate_num': 0, 'alpha': 1.0}",1,10,,0.0,4,False,False,False,,"{'group_by': 'user', 'order': 'RO', 'split': {'RS': [0.8, 0.1, 0.1]}, 'mode': 'full'}",False,"['Recall', 'MRR', 'NDCG', 'Hit', 'MAP', 'Precision', 'GAUC', 'ItemCoverage', 'AveragePopularity', 'GiniIndex', 'ShannonEntropy', 'TailPercentage']",10,MRR@10,True,4096,4,32,1,0.003,	, ,user_id,item_id,rating,timestamp,,label,,neg_,[],"{'inter': ['user_id', 'item_id']}",,,,,,True,"[0,inf)","[0,inf)",,,,,,,,,item_length,_list,50,position_id,head_id,tail_id,relation_id,entity_id,False,"[0,inf)","[0,inf)",,ModelType.GENERAL,utf-8,mind,SpectralCF,cuda,823026ff-dae5-4a49-86e2-9a6aa6acba10,MIND_SPECTRALCF_PARAMS_TUNING_1705171512
0,0,True,42,INFO,True,data/,saved/mind/SpectralCF,True,False,,False,,False,recbole,True,50,2048,adam,0.01,"{'distribution': 'uniform', 'sample_num': 1, 'dynamic': False, 'candidate_num': 0, 'alpha': 1.0}",1,10,,0.0,4,False,False,False,,"{'group_by': 'user', 'order': 'RO', 'split': {'RS': [0.8, 0.1, 0.1]}, 'mode': 'full'}",False,"['Recall', 'MRR', 'NDCG', 'Hit', 'MAP', 'Precision', 'GAUC', 'ItemCoverage', 'AveragePopularity', 'GiniIndex', 'ShannonEntropy', 'TailPercentage']",10,MRR@10,True,4096,4,64,2,0.01,	, ,user_id,item_id,rating,timestamp,,label,,neg_,[],"{'inter': ['user_id', 'item_id']}",,,,,,True,"[0,inf)","[0,inf)",,,,,,,,,item_length,_list,50,position_id,head_id,tail_id,relation_id,entity_id,False,"[0,inf)","[0,inf)",,ModelType.GENERAL,utf-8,mind,SpectralCF,cuda,e8b5d60b-8e34-4814-aa48-ef709985dde2,MIND_SPECTRALCF_PARAMS_TUNING_1705171512
0,0,True,42,INFO,True,data/,saved/mind/SpectralCF,True,False,,False,,False,recbole,True,100,2048,adam,0.0001,"{'distribution': 'uniform', 'sample_num': 1, 'dynamic': False, 'candidate_num': 0, 'alpha': 1.0}",1,10,,0.0,4,False,False,False,,"{'group_by': 'user', 'order': 'RO', 'split': {'RS': [0.8, 0.1, 0.1]}, 'mode': 'full'}",False,"['Recall', 'MRR', 'NDCG', 'Hit', 'MAP', 'Precision', 'GAUC', 'ItemCoverage', 'AveragePopularity', 'GiniIndex', 'ShannonEntropy', 'TailPercentage']",10,MRR@10,True,4096,4,64,1,0.01,	, ,user_id,item_id,rating,timestamp,,label,,neg_,[],"{'inter': ['user_id', 'item_id']}",,,,,,True,"[0,inf)","[0,inf)",,,,,,,,,item_length,_list,50,position_id,head_id,tail_id,relation_id,entity_id,False,"[0,inf)","[0,inf)",,ModelType.GENERAL,utf-8,mind,SpectralCF,cuda,799584d3-40f7-4266-8a18-dc56c41c7069,MIND_SPECTRALCF_PARAMS_TUNING_1705171512
0,0,True,42,INFO,True,data/,saved/mind/SpectralCF,True,False,,False,,False,recbole,True,50,2048,adam,0.01,"{'distribution': 'uniform', 'sample_num': 1, 'dynamic': False, 'candidate_num': 0, 'alpha': 1.0}",1,10,,0.0,4,False,False,False,,"{'group_by': 'user', 'order': 'RO', 'split': {'RS': [0.8, 0.1, 0.1]}, 'mode': 'full'}",False,"['Recall', 'MRR', 'NDCG', 'Hit', 'MAP', 'Precision', 'GAUC', 'ItemCoverage', 'AveragePopularity', 'GiniIndex', 'ShannonEntropy', 'TailPercentage']",10,MRR@10,True,4096,4,32,2,0.003,	, ,user_id,item_id,rating,timestamp,,label,,neg_,[],"{'inter': ['user_id', 'item_id']}",,,,,,True,"[0,inf)","[0,inf)",,,,,,,,,item_length,_list,50,position_id,head_id,tail_id,relation_id,entity_id,False,"[0,inf)","[0,inf)",,ModelType.GENERAL,utf-8,mind,SpectralCF,cuda,95e8087e-cc14-4b6e-8a3c-173f68960571,MIND_SPECTRALCF_PARAMS_TUNING_1705171512
0,0,True,42,INFO,True,data/,saved/mind/SpectralCF,True,False,,False,,False,recbole,True,50,2048,adam,0.001,"{'distribution': 'uniform', 'sample_num': 1, 'dynamic': False, 'candidate_num': 0, 'alpha': 1.0}",1,10,,0.0,4,False,False,False,,"{'group_by': 'user', 'order': 'RO', 'split': {'RS': [0.8, 0.1, 0.1]}, 'mode': 'full'}",False,"['Recall', 'MRR', 'NDCG', 'Hit', 'MAP', 'Precision', 'GAUC', 'ItemCoverage', 'AveragePopularity', 'GiniIndex', 'ShannonEntropy', 'TailPercentage']",10,MRR@10,True,4096,4,128,1,0.003,	, ,user_id,item_id,rating,timestamp,,label,,neg_,[],"{'inter': ['user_id', 'item_id']}",,,,,,True,"[0,inf)","[0,inf)",,,,,,,,,item_length,_list,50,position_id,head_id,tail_id,relation_id,entity_id,False,"[0,inf)","[0,inf)",,ModelType.GENERAL,utf-8,mind,SpectralCF,cuda,75b3ff6c-989c-44fe-bd4a-92d92ce2140a,MIND_SPECTRALCF_PARAMS_TUNING_1705171512
0,0,True,42,INFO,True,data/,saved/mind/SpectralCF,True,False,,False,,False,recbole,True,10,2048,adam,0.01,"{'distribution': 'uniform', 'sample_num': 1, 'dynamic': False, 'candidate_num': 0, 'alpha': 1.0}",1,10,,0.0,4,False,False,False,,"{'group_by': 'user', 'order': 'RO', 'split': {'RS': [0.8, 0.1, 0.1]}, 'mode': 'full'}",False,"['Recall', 'MRR', 'NDCG', 'Hit', 'MAP', 'Precision', 'GAUC', 'ItemCoverage', 'AveragePopularity', 'GiniIndex', 'ShannonEntropy', 'TailPercentage']",10,MRR@10,True,4096,4,64,2,0.01,	, ,user_id,item_id,rating,timestamp,,label,,neg_,[],"{'inter': ['user_id', 'item_id']}",,,,,,True,"[0,inf)","[0,inf)",,,,,,,,,item_length,_list,50,position_id,head_id,tail_id,relation_id,entity_id,False,"[0,inf)","[0,inf)",,ModelType.GENERAL,utf-8,mind,SpectralCF,cuda,65268d5c-d0ab-4ed5-bb02-c3b909376abd,MIND_SPECTRALCF_PARAMS_TUNING_1705171512
0,0,True,42,INFO,True,data/,saved/mind/SpectralCF,True,False,,False,,False,recbole,True,50,2048,adam,0.001,"{'distribution': 'uniform', 'sample_num': 1, 'dynamic': False, 'candidate_num': 0, 'alpha': 1.0}",1,10,,0.0,4,False,False,False,,"{'group_by': 'user', 'order': 'RO', 'split': {'RS': [0.8, 0.1, 0.1]}, 'mode': 'full'}",False,"['Recall', 'MRR', 'NDCG', 'Hit', 'MAP', 'Precision', 'GAUC', 'ItemCoverage', 'AveragePopularity', 'GiniIndex', 'ShannonEntropy', 'TailPercentage']",10,MRR@10,True,4096,4,64,1,0.01,	, ,user_id,item_id,rating,timestamp,,label,,neg_,[],"{'inter': ['user_id', 'item_id']}",,,,,,True,"[0,inf)","[0,inf)",,,,,,,,,item_length,_list,50,position_id,head_id,tail_id,relation_id,entity_id,False,"[0,inf)","[0,inf)",,ModelType.GENERAL,utf-8,mind,SpectralCF,cuda,8ab2e298-c6ac-4547-b95e-c1b8c7f32e45,MIND_SPECTRALCF_PARAMS_TUNING_1705171512
0,0,True,42,INFO,True,data/,saved/mind/SpectralCF,True,False,,False,,False,recbole,True,100,2048,adam,0.001,"{'distribution': 'uniform', 'sample_num': 1, 'dynamic': False, 'candidate_num': 0, 'alpha': 1.0}",1,10,,0.0,4,False,False,False,,"{'group_by': 'user', 'order': 'RO', 'split': {'RS': [0.8, 0.1, 0.1]}, 'mode': 'full'}",False,"['Recall', 'MRR', 'NDCG', 'Hit', 'MAP', 'Precision', 'GAUC', 'ItemCoverage', 'AveragePopularity', 'GiniIndex', 'ShannonEntropy', 'TailPercentage']",10,MRR@10,True,4096,4,128,2,0.003,	, ,user_id,item_id,rating,timestamp,,label,,neg_,[],"{'inter': ['user_id', 'item_id']}",,,,,,True,"[0,inf)","[0,inf)",,,,,,,,,item_length,_list,50,position_id,head_id,tail_id,relation_id,entity_id,False,"[0,inf)","[0,inf)",,ModelType.GENERAL,utf-8,mind,SpectralCF,cuda,9413cba1-3486-4744-8125-71f271aaf579,MIND_SPECTRALCF_PARAMS_TUNING_1705171512
0,0,True,42,INFO,True,data/,saved/mind/SpectralCF,True,False,,False,,False,recbole,True,100,2048,adam,0.001,"{'distribution': 'uniform', 'sample_num': 1, 'dynamic': False, 'candidate_num': 0, 'alpha': 1.0}",1,10,,0.0,4,False,False,False,,"{'group_by': 'user', 'order': 'RO', 'split': {'RS': [0.8, 0.1, 0.1]}, 'mode': 'full'}",False,"['Recall', 'MRR', 'NDCG', 'Hit', 'MAP', 'Precision', 'GAUC', 'ItemCoverage', 'AveragePopularity', 'GiniIndex', 'ShannonEntropy', 'TailPercentage']",10,MRR@10,True,4096,4,128,1,0.003,	, ,user_id,item_id,rating,timestamp,,label,,neg_,[],"{'inter': ['user_id', 'item_id']}",,,,,,True,"[0,inf)","[0,inf)",,,,,,,,,item_length,_list,50,position_id,head_id,tail_id,relation_id,entity_id,False,"[0,inf)","[0,inf)",,ModelType.GENERAL,utf-8,mind,SpectralCF,cuda,fcc8b8ba-0ece-4287-8ab3-09830102a074,MIND_SPECTRALCF_PARAMS_TUNING_1705171512
0,0,True,42,INFO,True,data/,saved/mind/SpectralCF,True,False,,False,,False,recbole,True,100,2048,adam,0.01,"{'distribution': 'uniform', 'sample_num': 1, 'dynamic': False, 'candidate_num': 0, 'alpha': 1.0}",1,10,,0.0,4,False,False,False,,"{'group_by': 'user', 'order': 'RO', 'split': {'RS': [0.8, 0.1, 0.1]}, 'mode': 'full'}",False,"['Recall', 'MRR', 'NDCG', 'Hit', 'MAP', 'Precision', 'GAUC', 'ItemCoverage', 'AveragePopularity', 'GiniIndex', 'ShannonEntropy', 'TailPercentage']",10,MRR@10,True,4096,4,64,1,0.01,	, ,user_id,item_id,rating,timestamp,,label,,neg_,[],"{'inter': ['user_id', 'item_id']}",,,,,,True,"[0,inf)","[0,inf)",,,,,,,,,item_length,_list,50,position_id,head_id,tail_id,relation_id,entity_id,False,"[0,inf)","[0,inf)",,ModelType.GENERAL,utf-8,mind,SpectralCF,cuda,975611e4-e4d9-4aa0-8a82-6d443e7becf7,MIND_SPECTRALCF_PARAMS_TUNING_1705171512
0,0,True,42,INFO,True,data/,saved/mind/SpectralCF,True,False,,False,,False,recbole,True,10,2048,adam,0.0001,"{'distribution': 'uniform', 'sample_num': 1, 'dynamic': False, 'candidate_num': 0, 'alpha': 1.0}",1,10,,0.0,4,False,False,False,,"{'group_by': 'user', 'order': 'RO', 'split': {'RS': [0.8, 0.1, 0.1]}, 'mode': 'full'}",False,"['Recall', 'MRR', 'NDCG', 'Hit', 'MAP', 'Precision', 'GAUC', 'ItemCoverage', 'AveragePopularity', 'GiniIndex', 'ShannonEntropy', 'TailPercentage']",10,MRR@10,True,4096,4,32,2,0.003,	, ,user_id,item_id,rating,timestamp,,label,,neg_,[],"{'inter': ['user_id', 'item_id']}",,,,,,True,"[0,inf)","[0,inf)",,,,,,,,,item_length,_list,50,position_id,head_id,tail_id,relation_id,entity_id,False,"[0,inf)","[0,inf)",,ModelType.GENERAL,utf-8,mind,SpectralCF,cuda,51d87281-7fcb-4114-b8ed-2ed16eb995b3,MIND_SPECTRALCF_PARAMS_TUNING_1705171512
0,0,True,42,INFO,True,data/,saved/mind/SpectralCF,True,False,,False,,False,recbole,True,10,2048,adam,0.001,"{'distribution': 'uniform', 'sample_num': 1, 'dynamic': False, 'candidate_num': 0, 'alpha': 1.0}",1,10,,0.0,4,False,False,False,,"{'group_by': 'user', 'order': 'RO', 'split': {'RS': [0.8, 0.1, 0.1]}, 'mode': 'full'}",False,"['Recall', 'MRR', 'NDCG', 'Hit', 'MAP', 'Precision', 'GAUC', 'ItemCoverage', 'AveragePopularity', 'GiniIndex', 'ShannonEntropy', 'TailPercentage']",10,MRR@10,True,4096,4,32,1,0.003,	, ,user_id,item_id,rating,timestamp,,label,,neg_,[],"{'inter': ['user_id', 'item_id']}",,,,,,True,"[0,inf)","[0,inf)",,,,,,,,,item_length,_list,50,position_id,head_id,tail_id,relation_id,entity_id,False,"[0,inf)","[0,inf)",,ModelType.GENERAL,utf-8,mind,SpectralCF,cuda,78dd0713-4583-47e3-8de7-2bc633aa19c6,MIND_SPECTRALCF_PARAMS_TUNING_1705171512
0,0,True,42,INFO,True,data/,saved/mind/SpectralCF,True,False,,False,,False,recbole,True,50,2048,adam,0.0001,"{'distribution': 'uniform', 'sample_num': 1, 'dynamic': False, 'candidate_num': 0, 'alpha': 1.0}",1,10,,0.0,4,False,False,False,,"{'group_by': 'user', 'order': 'RO', 'split': {'RS': [0.8, 0.1, 0.1]}, 'mode': 'full'}",False,"['Recall', 'MRR', 'NDCG', 'Hit', 'MAP', 'Precision', 'GAUC', 'ItemCoverage', 'AveragePopularity', 'GiniIndex', 'ShannonEntropy', 'TailPercentage']",10,MRR@10,True,4096,4,32,2,0.01,	, ,user_id,item_id,rating,timestamp,,label,,neg_,[],"{'inter': ['user_id', 'item_id']}",,,,,,True,"[0,inf)","[0,inf)",,,,,,,,,item_length,_list,50,position_id,head_id,tail_id,relation_id,entity_id,False,"[0,inf)","[0,inf)",,ModelType.GENERAL,utf-8,mind,SpectralCF,cuda,830aeb68-010d-4d1c-8eaa-fba48ed7c0d7,MIND_SPECTRALCF_PARAMS_TUNING_1705171512
0,0,True,42,INFO,True,data/,saved/mind/SpectralCF,True,False,,False,,False,recbole,True,10,2048,adam,0.01,"{'distribution': 'uniform', 'sample_num': 1, 'dynamic': False, 'candidate_num': 0, 'alpha': 1.0}",1,10,,0.0,4,False,False,False,,"{'group_by': 'user', 'order': 'RO', 'split': {'RS': [0.8, 0.1, 0.1]}, 'mode': 'full'}",False,"['Recall', 'MRR', 'NDCG', 'Hit', 'MAP', 'Precision', 'GAUC', 'ItemCoverage', 'AveragePopularity', 'GiniIndex', 'ShannonEntropy', 'TailPercentage']",10,MRR@10,True,4096,4,128,1,0.01,	, ,user_id,item_id,rating,timestamp,,label,,neg_,[],"{'inter': ['user_id', 'item_id']}",,,,,,True,"[0,inf)","[0,inf)",,,,,,,,,item_length,_list,50,position_id,head_id,tail_id,relation_id,entity_id,False,"[0,inf)","[0,inf)",,ModelType.GENERAL,utf-8,mind,SpectralCF,cuda,a55428e0-c261-4160-a6ad-448a9e2f16a6,MIND_SPECTRALCF_PARAMS_TUNING_1705171512
0,0,True,42,INFO,True,data/,saved/mind/SpectralCF,True,False,,False,,False,recbole,True,10,2048,adam,0.01,"{'distribution': 'uniform', 'sample_num': 1, 'dynamic': False, 'candidate_num': 0, 'alpha': 1.0}",1,10,,0.0,4,False,False,False,,"{'group_by': 'user', 'order': 'RO', 'split': {'RS': [0.8, 0.1, 0.1]}, 'mode': 'full'}",False,"['Recall', 'MRR', 'NDCG', 'Hit', 'MAP', 'Precision', 'GAUC', 'ItemCoverage', 'AveragePopularity', 'GiniIndex', 'ShannonEntropy', 'TailPercentage']",10,MRR@10,True,4096,4,128,1,0.003,	, ,user_id,item_id,rating,timestamp,,label,,neg_,[],"{'inter': ['user_id', 'item_id']}",,,,,,True,"[0,inf)","[0,inf)",,,,,,,,,item_length,_list,50,position_id,head_id,tail_id,relation_id,entity_id,False,"[0,inf)","[0,inf)",,ModelType.GENERAL,utf-8,mind,SpectralCF,cuda,e8964ffd-1f08-4dd0-8a42-ca859637d551,MIND_SPECTRALCF_PARAMS_TUNING_1705171512
0,0,True,42,INFO,True,data/,saved/mind/SpectralCF,True,False,,False,,False,recbole,True,50,2048,adam,0.0001,"{'distribution': 'uniform', 'sample_num': 1, 'dynamic': False, 'candidate_num': 0, 'alpha': 1.0}",1,10,,0.0,4,False,False,False,,"{'group_by': 'user', 'order': 'RO', 'split': {'RS': [0.8, 0.1, 0.1]}, 'mode': 'full'}",False,"['Recall', 'MRR', 'NDCG', 'Hit', 'MAP', 'Precision', 'GAUC', 'ItemCoverage', 'AveragePopularity', 'GiniIndex', 'ShannonEntropy', 'TailPercentage']",10,MRR@10,True,4096,4,32,1,0.01,	, ,user_id,item_id,rating,timestamp,,label,,neg_,[],"{'inter': ['user_id', 'item_id']}",,,,,,True,"[0,inf)","[0,inf)",,,,,,,,,item_length,_list,50,position_id,head_id,tail_id,relation_id,entity_id,False,"[0,inf)","[0,inf)",,ModelType.GENERAL,utf-8,mind,SpectralCF,cuda,7f335427-bae4-4ea5-bc64-6948dbbf248a,MIND_SPECTRALCF_PARAMS_TUNING_1705171512
0,0,True,42,INFO,True,data/,saved/mind/SpectralCF,True,False,,False,,False,recbole,True,10,2048,adam,0.001,"{'distribution': 'uniform', 'sample_num': 1, 'dynamic': False, 'candidate_num': 0, 'alpha': 1.0}",1,10,,0.0,4,False,False,False,,"{'group_by': 'user', 'order': 'RO', 'split': {'RS': [0.8, 0.1, 0.1]}, 'mode': 'full'}",False,"['Recall', 'MRR', 'NDCG', 'Hit', 'MAP', 'Precision', 'GAUC', 'ItemCoverage', 'AveragePopularity', 'GiniIndex', 'ShannonEntropy', 'TailPercentage']",10,MRR@10,True,4096,4,32,2,0.01,	, ,user_id,item_id,rating,timestamp,,label,,neg_,[],"{'inter': ['user_id', 'item_id']}",,,,,,True,"[0,inf)","[0,inf)",,,,,,,,,item_length,_list,50,position_id,head_id,tail_id,relation_id,entity_id,False,"[0,inf)","[0,inf)",,ModelType.GENERAL,utf-8,mind,SpectralCF,cuda,5e86ad37-8570-4448-9d7f-eb3885069778,MIND_SPECTRALCF_PARAMS_TUNING_1705171512
0,0,True,42,INFO,True,data/,saved/mind/SpectralCF,True,False,,False,,False,recbole,True,100,2048,adam,0.01,"{'distribution': 'uniform', 'sample_num': 1, 'dynamic': False, 'candidate_num': 0, 'alpha': 1.0}",1,10,,0.0,4,False,False,False,,"{'group_by': 'user', 'order': 'RO', 'split': {'RS': [0.8, 0.1, 0.1]}, 'mode': 'full'}",False,"['Recall', 'MRR', 'NDCG', 'Hit', 'MAP', 'Precision', 'GAUC', 'ItemCoverage', 'AveragePopularity', 'GiniIndex', 'ShannonEntropy', 'TailPercentage']",10,MRR@10,True,4096,4,32,1,0.01,	, ,user_id,item_id,rating,timestamp,,label,,neg_,[],"{'inter': ['user_id', 'item_id']}",,,,,,True,"[0,inf)","[0,inf)",,,,,,,,,item_length,_list,50,position_id,head_id,tail_id,relation_id,entity_id,False,"[0,inf)","[0,inf)",,ModelType.GENERAL,utf-8,mind,SpectralCF,cuda,dba84a18-d981-4081-8162-da5873091c53,MIND_SPECTRALCF_PARAMS_TUNING_1705171512
0,0,True,42,INFO,True,data/,saved/mind/SpectralCF,True,False,,False,,False,recbole,True,10,2048,adam,0.0001,"{'distribution': 'uniform', 'sample_num': 1, 'dynamic': False, 'candidate_num': 0, 'alpha': 1.0}",1,10,,0.0,4,False,False,False,,"{'group_by': 'user', 'order': 'RO', 'split': {'RS': [0.8, 0.1, 0.1]}, 'mode': 'full'}",False,"['Recall', 'MRR', 'NDCG', 'Hit', 'MAP', 'Precision', 'GAUC', 'ItemCoverage', 'AveragePopularity', 'GiniIndex', 'ShannonEntropy', 'TailPercentage']",10,MRR@10,True,4096,4,32,2,0.01,	, ,user_id,item_id,rating,timestamp,,label,,neg_,[],"{'inter': ['user_id', 'item_id']}",,,,,,True,"[0,inf)","[0,inf)",,,,,,,,,item_length,_list,50,position_id,head_id,tail_id,relation_id,entity_id,False,"[0,inf)","[0,inf)",,ModelType.GENERAL,utf-8,mind,SpectralCF,cuda,1fd7d91f-ae6d-4321-a041-15c58c31a20d,MIND_SPECTRALCF_PARAMS_TUNING_1705171512
0,0,True,42,INFO,True,data/,saved/mind/SpectralCF,True,False,,False,,False,recbole,True,100,2048,adam,0.0001,"{'distribution': 'uniform', 'sample_num': 1, 'dynamic': False, 'candidate_num': 0, 'alpha': 1.0}",1,10,,0.0,4,False,False,False,,"{'group_by': 'user', 'order': 'RO', 'split': {'RS': [0.8, 0.1, 0.1]}, 'mode': 'full'}",False,"['Recall', 'MRR', 'NDCG', 'Hit', 'MAP', 'Precision', 'GAUC', 'ItemCoverage', 'AveragePopularity', 'GiniIndex', 'ShannonEntropy', 'TailPercentage']",10,MRR@10,True,4096,4,32,2,0.003,	, ,user_id,item_id,rating,timestamp,,label,,neg_,[],"{'inter': ['user_id', 'item_id']}",,,,,,True,"[0,inf)","[0,inf)",,,,,,,,,item_length,_list,50,position_id,head_id,tail_id,relation_id,entity_id,False,"[0,inf)","[0,inf)",,ModelType.GENERAL,utf-8,mind,SpectralCF,cuda,1ee3d57b-5a2e-498f-857e-c95fab57bd89,MIND_SPECTRALCF_PARAMS_TUNING_1705171512
0,0,True,42,INFO,True,data/,saved/mind/SpectralCF,True,False,,False,,False,recbole,True,100,2048,adam,0.0001,"{'distribution': 'uniform', 'sample_num': 1, 'dynamic': False, 'candidate_num': 0, 'alpha': 1.0}",1,10,,0.0,4,False,False,False,,"{'group_by': 'user', 'order': 'RO', 'split': {'RS': [0.8, 0.1, 0.1]}, 'mode': 'full'}",False,"['Recall', 'MRR', 'NDCG', 'Hit', 'MAP', 'Precision', 'GAUC', 'ItemCoverage', 'AveragePopularity', 'GiniIndex', 'ShannonEntropy', 'TailPercentage']",10,MRR@10,True,4096,4,32,1,0.003,	, ,user_id,item_id,rating,timestamp,,label,,neg_,[],"{'inter': ['user_id', 'item_id']}",,,,,,True,"[0,inf)","[0,inf)",,,,,,,,,item_length,_list,50,position_id,head_id,tail_id,relation_id,entity_id,False,"[0,inf)","[0,inf)",,ModelType.GENERAL,utf-8,mind,SpectralCF,cuda,f6f663f6-919a-47bc-a3ea-d642862f476d,MIND_SPECTRALCF_PARAMS_TUNING_1705171512
0,0,True,42,INFO,True,data/,saved/mind/SpectralCF,True,False,,False,,False,recbole,True,50,2048,adam,0.0001,"{'distribution': 'uniform', 'sample_num': 1, 'dynamic': False, 'candidate_num': 0, 'alpha': 1.0}",1,10,,0.0,4,False,False,False,,"{'group_by': 'user', 'order': 'RO', 'split': {'RS': [0.8, 0.1, 0.1]}, 'mode': 'full'}",False,"['Recall', 'MRR', 'NDCG', 'Hit', 'MAP', 'Precision', 'GAUC', 'ItemCoverage', 'AveragePopularity', 'GiniIndex', 'ShannonEntropy', 'TailPercentage']",10,MRR@10,True,4096,4,128,1,0.003,	, ,user_id,item_id,rating,timestamp,,label,,neg_,[],"{'inter': ['user_id', 'item_id']}",,,,,,True,"[0,inf)","[0,inf)",,,,,,,,,item_length,_list,50,position_id,head_id,tail_id,relation_id,entity_id,False,"[0,inf)","[0,inf)",,ModelType.GENERAL,utf-8,mind,SpectralCF,cuda,2bf86f70-a8fd-4c99-b2b4-8f7260016cb4,MIND_SPECTRALCF_PARAMS_TUNING_1705171512
0,0,True,42,INFO,True,data/,saved/mind/SpectralCF,True,False,,False,,False,recbole,True,10,2048,adam,0.0001,"{'distribution': 'uniform', 'sample_num': 1, 'dynamic': False, 'candidate_num': 0, 'alpha': 1.0}",1,10,,0.0,4,False,False,False,,"{'group_by': 'user', 'order': 'RO', 'split': {'RS': [0.8, 0.1, 0.1]}, 'mode': 'full'}",False,"['Recall', 'MRR', 'NDCG', 'Hit', 'MAP', 'Precision', 'GAUC', 'ItemCoverage', 'AveragePopularity', 'GiniIndex', 'ShannonEntropy', 'TailPercentage']",10,MRR@10,True,4096,4,64,1,0.01,	, ,user_id,item_id,rating,timestamp,,label,,neg_,[],"{'inter': ['user_id', 'item_id']}",,,,,,True,"[0,inf)","[0,inf)",,,,,,,,,item_length,_list,50,position_id,head_id,tail_id,relation_id,entity_id,False,"[0,inf)","[0,inf)",,ModelType.GENERAL,utf-8,mind,SpectralCF,cuda,c6cb9935-d07e-4298-9134-726b9daeff10,MIND_SPECTRALCF_PARAMS_TUNING_1705171512
0,0,True,42,INFO,True,data/,saved/mind/SpectralCF,True,False,,False,,False,recbole,True,100,2048,adam,0.01,"{'distribution': 'uniform', 'sample_num': 1, 'dynamic': False, 'candidate_num': 0, 'alpha': 1.0}",1,10,,0.0,4,False,False,False,,"{'group_by': 'user', 'order': 'RO', 'split': {'RS': [0.8, 0.1, 0.1]}, 'mode': 'full'}",False,"['Recall', 'MRR', 'NDCG', 'Hit', 'MAP', 'Precision', 'GAUC', 'ItemCoverage', 'AveragePopularity', 'GiniIndex', 'ShannonEntropy', 'TailPercentage']",10,MRR@10,True,4096,4,128,2,0.003,	, ,user_id,item_id,rating,timestamp,,label,,neg_,[],"{'inter': ['user_id', 'item_id']}",,,,,,True,"[0,inf)","[0,inf)",,,,,,,,,item_length,_list,50,position_id,head_id,tail_id,relation_id,entity_id,False,"[0,inf)","[0,inf)",,ModelType.GENERAL,utf-8,mind,SpectralCF,cuda,b1627b96-6ec8-4fe7-96fa-caaa3a4309b4,MIND_SPECTRALCF_PARAMS_TUNING_1705171512
0,0,True,42,INFO,True,data/,saved/mind/SpectralCF,True,False,,False,,False,recbole,True,50,2048,adam,0.01,"{'distribution': 'uniform', 'sample_num': 1, 'dynamic': False, 'candidate_num': 0, 'alpha': 1.0}",1,10,,0.0,4,False,False,False,,"{'group_by': 'user', 'order': 'RO', 'split': {'RS': [0.8, 0.1, 0.1]}, 'mode': 'full'}",False,"['Recall', 'MRR', 'NDCG', 'Hit', 'MAP', 'Precision', 'GAUC', 'ItemCoverage', 'AveragePopularity', 'GiniIndex', 'ShannonEntropy', 'TailPercentage']",10,MRR@10,True,4096,4,128,2,0.003,	, ,user_id,item_id,rating,timestamp,,label,,neg_,[],"{'inter': ['user_id', 'item_id']}",,,,,,True,"[0,inf)","[0,inf)",,,,,,,,,item_length,_list,50,position_id,head_id,tail_id,relation_id,entity_id,False,"[0,inf)","[0,inf)",,ModelType.GENERAL,utf-8,mind,SpectralCF,cuda,89013be8-3df3-4fb2-9911-39d24cac6ee6,MIND_SPECTRALCF_PARAMS_TUNING_1705171512
0,0,True,42,INFO,True,data/,saved/mind/SpectralCF,True,False,,False,,False,recbole,True,100,2048,adam,0.001,"{'distribution': 'uniform', 'sample_num': 1, 'dynamic': False, 'candidate_num': 0, 'alpha': 1.0}",1,10,,0.0,4,False,False,False,,"{'group_by': 'user', 'order': 'RO', 'split': {'RS': [0.8, 0.1, 0.1]}, 'mode': 'full'}",False,"['Recall', 'MRR', 'NDCG', 'Hit', 'MAP', 'Precision', 'GAUC', 'ItemCoverage', 'AveragePopularity', 'GiniIndex', 'ShannonEntropy', 'TailPercentage']",10,MRR@10,True,4096,4,32,2,0.003,	, ,user_id,item_id,rating,timestamp,,label,,neg_,[],"{'inter': ['user_id', 'item_id']}",,,,,,True,"[0,inf)","[0,inf)",,,,,,,,,item_length,_list,50,position_id,head_id,tail_id,relation_id,entity_id,False,"[0,inf)","[0,inf)",,ModelType.GENERAL,utf-8,mind,SpectralCF,cuda,d081d1b8-1991-4f1a-b3fd-24df9dd0e0a8,MIND_SPECTRALCF_PARAMS_TUNING_1705171512
0,0,True,42,INFO,True,data/,saved/mind/SpectralCF,True,False,,False,,False,recbole,True,50,2048,adam,0.01,"{'distribution': 'uniform', 'sample_num': 1, 'dynamic': False, 'candidate_num': 0, 'alpha': 1.0}",1,10,,0.0,4,False,False,False,,"{'group_by': 'user', 'order': 'RO', 'split': {'RS': [0.8, 0.1, 0.1]}, 'mode': 'full'}",False,"['Recall', 'MRR', 'NDCG', 'Hit', 'MAP', 'Precision', 'GAUC', 'ItemCoverage', 'AveragePopularity', 'GiniIndex', 'ShannonEntropy', 'TailPercentage']",10,MRR@10,True,4096,4,64,1,0.01,	, ,user_id,item_id,rating,timestamp,,label,,neg_,[],"{'inter': ['user_id', 'item_id']}",,,,,,True,"[0,inf)","[0,inf)",,,,,,,,,item_length,_list,50,position_id,head_id,tail_id,relation_id,entity_id,False,"[0,inf)","[0,inf)",,ModelType.GENERAL,utf-8,mind,SpectralCF,cuda,931d4bc8-3141-4367-9d97-33b7b5026838,MIND_SPECTRALCF_PARAMS_TUNING_1705171512
0,0,True,42,INFO,True,data/,saved/mind/SpectralCF,True,False,,False,,False,recbole,True,10,2048,adam,0.01,"{'distribution': 'uniform', 'sample_num': 1, 'dynamic': False, 'candidate_num': 0, 'alpha': 1.0}",1,10,,0.0,4,False,False,False,,"{'group_by': 'user', 'order': 'RO', 'split': {'RS': [0.8, 0.1, 0.1]}, 'mode': 'full'}",False,"['Recall', 'MRR', 'NDCG', 'Hit', 'MAP', 'Precision', 'GAUC', 'ItemCoverage', 'AveragePopularity', 'GiniIndex', 'ShannonEntropy', 'TailPercentage']",10,MRR@10,True,4096,4,64,1,0.003,	, ,user_id,item_id,rating,timestamp,,label,,neg_,[],"{'inter': ['user_id', 'item_id']}",,,,,,True,"[0,inf)","[0,inf)",,,,,,,,,item_length,_list,50,position_id,head_id,tail_id,relation_id,entity_id,False,"[0,inf)","[0,inf)",,ModelType.GENERAL,utf-8,mind,SpectralCF,cuda,e5e16897-ba5e-43d4-bb45-fd902f8d98e1,MIND_SPECTRALCF_PARAMS_TUNING_1705171512
0,0,True,42,INFO,True,data/,saved/mind/SpectralCF,True,False,,False,,False,recbole,True,10,2048,adam,0.0001,"{'distribution': 'uniform', 'sample_num': 1, 'dynamic': False, 'candidate_num': 0, 'alpha': 1.0}",1,10,,0.0,4,False,False,False,,"{'group_by': 'user', 'order': 'RO', 'split': {'RS': [0.8, 0.1, 0.1]}, 'mode': 'full'}",False,"['Recall', 'MRR', 'NDCG', 'Hit', 'MAP', 'Precision', 'GAUC', 'ItemCoverage', 'AveragePopularity', 'GiniIndex', 'ShannonEntropy', 'TailPercentage']",10,MRR@10,True,4096,4,64,2,0.003,	, ,user_id,item_id,rating,timestamp,,label,,neg_,[],"{'inter': ['user_id', 'item_id']}",,,,,,True,"[0,inf)","[0,inf)",,,,,,,,,item_length,_list,50,position_id,head_id,tail_id,relation_id,entity_id,False,"[0,inf)","[0,inf)",,ModelType.GENERAL,utf-8,mind,SpectralCF,cuda,8ffe7be1-eed0-4bd7-b006-2c42fe6d1ac0,MIND_SPECTRALCF_PARAMS_TUNING_1705171512
0,0,True,42,INFO,True,data/,saved/mind/SpectralCF,True,False,,False,,False,recbole,True,100,2048,adam,0.001,"{'distribution': 'uniform', 'sample_num': 1, 'dynamic': False, 'candidate_num': 0, 'alpha': 1.0}",1,10,,0.0,4,False,False,False,,"{'group_by': 'user', 'order': 'RO', 'split': {'RS': [0.8, 0.1, 0.1]}, 'mode': 'full'}",False,"['Recall', 'MRR', 'NDCG', 'Hit', 'MAP', 'Precision', 'GAUC', 'ItemCoverage', 'AveragePopularity', 'GiniIndex', 'ShannonEntropy', 'TailPercentage']",10,MRR@10,True,4096,4,64,2,0.01,	, ,user_id,item_id,rating,timestamp,,label,,neg_,[],"{'inter': ['user_id', 'item_id']}",,,,,,True,"[0,inf)","[0,inf)",,,,,,,,,item_length,_list,50,position_id,head_id,tail_id,relation_id,entity_id,False,"[0,inf)","[0,inf)",,ModelType.GENERAL,utf-8,mind,SpectralCF,cuda,32947a87-fc82-4f53-b7a2-1cbfee2ce563,MIND_SPECTRALCF_PARAMS_TUNING_1705171512
0,0,True,42,INFO,True,data/,saved/mind/SpectralCF,True,False,,False,,False,recbole,True,50,2048,adam,0.0001,"{'distribution': 'uniform', 'sample_num': 1, 'dynamic': False, 'candidate_num': 0, 'alpha': 1.0}",1,10,,0.0,4,False,False,False,,"{'group_by': 'user', 'order': 'RO', 'split': {'RS': [0.8, 0.1, 0.1]}, 'mode': 'full'}",False,"['Recall', 'MRR', 'NDCG', 'Hit', 'MAP', 'Precision', 'GAUC', 'ItemCoverage', 'AveragePopularity', 'GiniIndex', 'ShannonEntropy', 'TailPercentage']",10,MRR@10,True,4096,4,128,2,0.003,	, ,user_id,item_id,rating,timestamp,,label,,neg_,[],"{'inter': ['user_id', 'item_id']}",,,,,,True,"[0,inf)","[0,inf)",,,,,,,,,item_length,_list,50,position_id,head_id,tail_id,relation_id,entity_id,False,"[0,inf)","[0,inf)",,ModelType.GENERAL,utf-8,mind,SpectralCF,cuda,77d07649-f6e7-419d-ab80-4417b8f4ed36,MIND_SPECTRALCF_PARAMS_TUNING_1705171512
0,0,True,42,INFO,True,data/,saved/mind/SpectralCF,True,False,,False,,False,recbole,True,10,2048,adam,0.01,"{'distribution': 'uniform', 'sample_num': 1, 'dynamic': False, 'candidate_num': 0, 'alpha': 1.0}",1,10,,0.0,4,False,False,False,,"{'group_by': 'user', 'order': 'RO', 'split': {'RS': [0.8, 0.1, 0.1]}, 'mode': 'full'}",False,"['Recall', 'MRR', 'NDCG', 'Hit', 'MAP', 'Precision', 'GAUC', 'ItemCoverage', 'AveragePopularity', 'GiniIndex', 'ShannonEntropy', 'TailPercentage']",10,MRR@10,True,4096,4,64,2,0.003,	, ,user_id,item_id,rating,timestamp,,label,,neg_,[],"{'inter': ['user_id', 'item_id']}",,,,,,True,"[0,inf)","[0,inf)",,,,,,,,,item_length,_list,50,position_id,head_id,tail_id,relation_id,entity_id,False,"[0,inf)","[0,inf)",,ModelType.GENERAL,utf-8,mind,SpectralCF,cuda,0c0cb8c1-1522-4df8-bcbc-0a7f435712f9,MIND_SPECTRALCF_PARAMS_TUNING_1705171512
0,0,True,42,INFO,True,data/,saved/mind/SpectralCF,True,False,,False,,False,recbole,True,100,2048,adam,0.01,"{'distribution': 'uniform', 'sample_num': 1, 'dynamic': False, 'candidate_num': 0, 'alpha': 1.0}",1,10,,0.0,4,False,False,False,,"{'group_by': 'user', 'order': 'RO', 'split': {'RS': [0.8, 0.1, 0.1]}, 'mode': 'full'}",False,"['Recall', 'MRR', 'NDCG', 'Hit', 'MAP', 'Precision', 'GAUC', 'ItemCoverage', 'AveragePopularity', 'GiniIndex', 'ShannonEntropy', 'TailPercentage']",10,MRR@10,True,4096,4,64,2,0.01,	, ,user_id,item_id,rating,timestamp,,label,,neg_,[],"{'inter': ['user_id', 'item_id']}",,,,,,True,"[0,inf)","[0,inf)",,,,,,,,,item_length,_list,50,position_id,head_id,tail_id,relation_id,entity_id,False,"[0,inf)","[0,inf)",,ModelType.GENERAL,utf-8,mind,SpectralCF,cuda,7b48e093-b4c2-452f-ace7-7d64f24907aa,MIND_SPECTRALCF_PARAMS_TUNING_1705171512
0,0,True,42,INFO,True,data/,saved/mind/SpectralCF,True,False,,False,,False,recbole,True,10,2048,adam,0.001,"{'distribution': 'uniform', 'sample_num': 1, 'dynamic': False, 'candidate_num': 0, 'alpha': 1.0}",1,10,,0.0,4,False,False,False,,"{'group_by': 'user', 'order': 'RO', 'split': {'RS': [0.8, 0.1, 0.1]}, 'mode': 'full'}",False,"['Recall', 'MRR', 'NDCG', 'Hit', 'MAP', 'Precision', 'GAUC', 'ItemCoverage', 'AveragePopularity', 'GiniIndex', 'ShannonEntropy', 'TailPercentage']",10,MRR@10,True,4096,4,128,2,0.003,	, ,user_id,item_id,rating,timestamp,,label,,neg_,[],"{'inter': ['user_id', 'item_id']}",,,,,,True,"[0,inf)","[0,inf)",,,,,,,,,item_length,_list,50,position_id,head_id,tail_id,relation_id,entity_id,False,"[0,inf)","[0,inf)",,ModelType.GENERAL,utf-8,mind,SpectralCF,cuda,a80d9a4c-d8f6-4f46-aed5-84c2495fa3b1,MIND_SPECTRALCF_PARAMS_TUNING_1705171512
0,0,True,42,INFO,True,data/,saved/mind/SpectralCF,True,False,,False,,False,recbole,True,50,2048,adam,0.001,"{'distribution': 'uniform', 'sample_num': 1, 'dynamic': False, 'candidate_num': 0, 'alpha': 1.0}",1,10,,0.0,4,False,False,False,,"{'group_by': 'user', 'order': 'RO', 'split': {'RS': [0.8, 0.1, 0.1]}, 'mode': 'full'}",False,"['Recall', 'MRR', 'NDCG', 'Hit', 'MAP', 'Precision', 'GAUC', 'ItemCoverage', 'AveragePopularity', 'GiniIndex', 'ShannonEntropy', 'TailPercentage']",10,MRR@10,True,4096,4,32,2,0.003,	, ,user_id,item_id,rating,timestamp,,label,,neg_,[],"{'inter': ['user_id', 'item_id']}",,,,,,True,"[0,inf)","[0,inf)",,,,,,,,,item_length,_list,50,position_id,head_id,tail_id,relation_id,entity_id,False,"[0,inf)","[0,inf)",,ModelType.GENERAL,utf-8,mind,SpectralCF,cuda,1bf889c9-7727-4a17-82ed-31bfeb26a3e7,MIND_SPECTRALCF_PARAMS_TUNING_1705171512
0,0,True,42,INFO,True,data/,saved/mind/SpectralCF,True,False,,False,,False,recbole,True,10,2048,adam,0.01,"{'distribution': 'uniform', 'sample_num': 1, 'dynamic': False, 'candidate_num': 0, 'alpha': 1.0}",1,10,,0.0,4,False,False,False,,"{'group_by': 'user', 'order': 'RO', 'split': {'RS': [0.8, 0.1, 0.1]}, 'mode': 'full'}",False,"['Recall', 'MRR', 'NDCG', 'Hit', 'MAP', 'Precision', 'GAUC', 'ItemCoverage', 'AveragePopularity', 'GiniIndex', 'ShannonEntropy', 'TailPercentage']",10,MRR@10,True,4096,4,32,2,0.003,	, ,user_id,item_id,rating,timestamp,,label,,neg_,[],"{'inter': ['user_id', 'item_id']}",,,,,,True,"[0,inf)","[0,inf)",,,,,,,,,item_length,_list,50,position_id,head_id,tail_id,relation_id,entity_id,False,"[0,inf)","[0,inf)",,ModelType.GENERAL,utf-8,mind,SpectralCF,cuda,b92ccea8-5f71-4f93-9b2d-a4eb7b280475,MIND_SPECTRALCF_PARAMS_TUNING_1705171512
0,0,True,42,INFO,True,data/,saved/mind/SpectralCF,True,False,,False,,False,recbole,True,10,2048,adam,0.0001,"{'distribution': 'uniform', 'sample_num': 1, 'dynamic': False, 'candidate_num': 0, 'alpha': 1.0}",1,10,,0.0,4,False,False,False,,"{'group_by': 'user', 'order': 'RO', 'split': {'RS': [0.8, 0.1, 0.1]}, 'mode': 'full'}",False,"['Recall', 'MRR', 'NDCG', 'Hit', 'MAP', 'Precision', 'GAUC', 'ItemCoverage', 'AveragePopularity', 'GiniIndex', 'ShannonEntropy', 'TailPercentage']",10,MRR@10,True,4096,4,64,1,0.003,	, ,user_id,item_id,rating,timestamp,,label,,neg_,[],"{'inter': ['user_id', 'item_id']}",,,,,,True,"[0,inf)","[0,inf)",,,,,,,,,item_length,_list,50,position_id,head_id,tail_id,relation_id,entity_id,False,"[0,inf)","[0,inf)",,ModelType.GENERAL,utf-8,mind,SpectralCF,cuda,c7957412-7e51-4597-9816-6579b5da0de8,MIND_SPECTRALCF_PARAMS_TUNING_1705171512
0,0,True,42,INFO,True,data/,saved/mind/SpectralCF,True,False,,False,,False,recbole,True,50,2048,adam,0.001,"{'distribution': 'uniform', 'sample_num': 1, 'dynamic': False, 'candidate_num': 0, 'alpha': 1.0}",1,10,,0.0,4,False,False,False,,"{'group_by': 'user', 'order': 'RO', 'split': {'RS': [0.8, 0.1, 0.1]}, 'mode': 'full'}",False,"['Recall', 'MRR', 'NDCG', 'Hit', 'MAP', 'Precision', 'GAUC', 'ItemCoverage', 'AveragePopularity', 'GiniIndex', 'ShannonEntropy', 'TailPercentage']",10,MRR@10,True,4096,4,32,2,0.01,	, ,user_id,item_id,rating,timestamp,,label,,neg_,[],"{'inter': ['user_id', 'item_id']}",,,,,,True,"[0,inf)","[0,inf)",,,,,,,,,item_length,_list,50,position_id,head_id,tail_id,relation_id,entity_id,False,"[0,inf)","[0,inf)",,ModelType.GENERAL,utf-8,mind,SpectralCF,cuda,50036770-f648-43f1-b9e5-cef0eb6f807a,MIND_SPECTRALCF_PARAMS_TUNING_1705171512
0,0,True,42,INFO,True,data/,saved/mind/SpectralCF,True,False,,False,,False,recbole,True,100,2048,adam,0.0001,"{'distribution': 'uniform', 'sample_num': 1, 'dynamic': False, 'candidate_num': 0, 'alpha': 1.0}",1,10,,0.0,4,False,False,False,,"{'group_by': 'user', 'order': 'RO', 'split': {'RS': [0.8, 0.1, 0.1]}, 'mode': 'full'}",False,"['Recall', 'MRR', 'NDCG', 'Hit', 'MAP', 'Precision', 'GAUC', 'ItemCoverage', 'AveragePopularity', 'GiniIndex', 'ShannonEntropy', 'TailPercentage']",10,MRR@10,True,4096,4,128,1,0.01,	, ,user_id,item_id,rating,timestamp,,label,,neg_,[],"{'inter': ['user_id', 'item_id']}",,,,,,True,"[0,inf)","[0,inf)",,,,,,,,,item_length,_list,50,position_id,head_id,tail_id,relation_id,entity_id,False,"[0,inf)","[0,inf)",,ModelType.GENERAL,utf-8,mind,SpectralCF,cuda,3413608b-000f-4297-997e-89632ec2ac13,MIND_SPECTRALCF_PARAMS_TUNING_1705171512
0,0,True,42,INFO,True,data/,saved/mind/SpectralCF,True,False,,False,,False,recbole,True,50,2048,adam,0.01,"{'distribution': 'uniform', 'sample_num': 1, 'dynamic': False, 'candidate_num': 0, 'alpha': 1.0}",1,10,,0.0,4,False,False,False,,"{'group_by': 'user', 'order': 'RO', 'split': {'RS': [0.8, 0.1, 0.1]}, 'mode': 'full'}",False,"['Recall', 'MRR', 'NDCG', 'Hit', 'MAP', 'Precision', 'GAUC', 'ItemCoverage', 'AveragePopularity', 'GiniIndex', 'ShannonEntropy', 'TailPercentage']",10,MRR@10,True,4096,4,128,2,0.01,	, ,user_id,item_id,rating,timestamp,,label,,neg_,[],"{'inter': ['user_id', 'item_id']}",,,,,,True,"[0,inf)","[0,inf)",,,,,,,,,item_length,_list,50,position_id,head_id,tail_id,relation_id,entity_id,False,"[0,inf)","[0,inf)",,ModelType.GENERAL,utf-8,mind,SpectralCF,cuda,9e5dee9d-eec2-4690-b14a-3d3c9bb7c667,MIND_SPECTRALCF_PARAMS_TUNING_1705171512
0,0,True,42,INFO,True,data/,saved/mind/SpectralCF,True,False,,False,,False,recbole,True,10,2048,adam,0.0001,"{'distribution': 'uniform', 'sample_num': 1, 'dynamic': False, 'candidate_num': 0, 'alpha': 1.0}",1,10,,0.0,4,False,False,False,,"{'group_by': 'user', 'order': 'RO', 'split': {'RS': [0.8, 0.1, 0.1]}, 'mode': 'full'}",False,"['Recall', 'MRR', 'NDCG', 'Hit', 'MAP', 'Precision', 'GAUC', 'ItemCoverage', 'AveragePopularity', 'GiniIndex', 'ShannonEntropy', 'TailPercentage']",10,MRR@10,True,4096,4,128,1,0.003,	, ,user_id,item_id,rating,timestamp,,label,,neg_,[],"{'inter': ['user_id', 'item_id']}",,,,,,True,"[0,inf)","[0,inf)",,,,,,,,,item_length,_list,50,position_id,head_id,tail_id,relation_id,entity_id,False,"[0,inf)","[0,inf)",,ModelType.GENERAL,utf-8,mind,SpectralCF,cuda,96dd1d7a-dac4-465b-b130-67aee268d1e7,MIND_SPECTRALCF_PARAMS_TUNING_1705171512
0,0,True,42,INFO,True,data/,saved/mind/SpectralCF,True,False,,False,,False,recbole,True,50,2048,adam,0.01,"{'distribution': 'uniform', 'sample_num': 1, 'dynamic': False, 'candidate_num': 0, 'alpha': 1.0}",1,10,,0.0,4,False,False,False,,"{'group_by': 'user', 'order': 'RO', 'split': {'RS': [0.8, 0.1, 0.1]}, 'mode': 'full'}",False,"['Recall', 'MRR', 'NDCG', 'Hit', 'MAP', 'Precision', 'GAUC', 'ItemCoverage', 'AveragePopularity', 'GiniIndex', 'ShannonEntropy', 'TailPercentage']",10,MRR@10,True,4096,4,128,1,0.01,	, ,user_id,item_id,rating,timestamp,,label,,neg_,[],"{'inter': ['user_id', 'item_id']}",,,,,,True,"[0,inf)","[0,inf)",,,,,,,,,item_length,_list,50,position_id,head_id,tail_id,relation_id,entity_id,False,"[0,inf)","[0,inf)",,ModelType.GENERAL,utf-8,mind,SpectralCF,cuda,83e9d7d9-a691-4ddd-8d91-8ccfa2c66833,MIND_SPECTRALCF_PARAMS_TUNING_1705171512
0,0,True,42,INFO,True,data/,saved/mind/SpectralCF,True,False,,False,,False,recbole,True,100,2048,adam,0.0001,"{'distribution': 'uniform', 'sample_num': 1, 'dynamic': False, 'candidate_num': 0, 'alpha': 1.0}",1,10,,0.0,4,False,False,False,,"{'group_by': 'user', 'order': 'RO', 'split': {'RS': [0.8, 0.1, 0.1]}, 'mode': 'full'}",False,"['Recall', 'MRR', 'NDCG', 'Hit', 'MAP', 'Precision', 'GAUC', 'ItemCoverage', 'AveragePopularity', 'GiniIndex', 'ShannonEntropy', 'TailPercentage']",10,MRR@10,True,4096,4,64,2,0.01,	, ,user_id,item_id,rating,timestamp,,label,,neg_,[],"{'inter': ['user_id', 'item_id']}",,,,,,True,"[0,inf)","[0,inf)",,,,,,,,,item_length,_list,50,position_id,head_id,tail_id,relation_id,entity_id,False,"[0,inf)","[0,inf)",,ModelType.GENERAL,utf-8,mind,SpectralCF,cuda,f452069c-0315-43ce-b5dd-7723e9a645d5,MIND_SPECTRALCF_PARAMS_TUNING_1705171512
0,0,True,42,INFO,True,data/,saved/mind/SpectralCF,True,False,,False,,False,recbole,True,10,2048,adam,0.001,"{'distribution': 'uniform', 'sample_num': 1, 'dynamic': False, 'candidate_num': 0, 'alpha': 1.0}",1,10,,0.0,4,False,False,False,,"{'group_by': 'user', 'order': 'RO', 'split': {'RS': [0.8, 0.1, 0.1]}, 'mode': 'full'}",False,"['Recall', 'MRR', 'NDCG', 'Hit', 'MAP', 'Precision', 'GAUC', 'ItemCoverage', 'AveragePopularity', 'GiniIndex', 'ShannonEntropy', 'TailPercentage']",10,MRR@10,True,4096,4,128,1,0.01,	, ,user_id,item_id,rating,timestamp,,label,,neg_,[],"{'inter': ['user_id', 'item_id']}",,,,,,True,"[0,inf)","[0,inf)",,,,,,,,,item_length,_list,50,position_id,head_id,tail_id,relation_id,entity_id,False,"[0,inf)","[0,inf)",,ModelType.GENERAL,utf-8,mind,SpectralCF,cuda,5c87fafa-8581-4126-a0bb-d52223477310,MIND_SPECTRALCF_PARAMS_TUNING_1705171512
0,0,True,42,INFO,True,data/,saved/mind/SpectralCF,True,False,,False,,False,recbole,True,50,2048,adam,0.0001,"{'distribution': 'uniform', 'sample_num': 1, 'dynamic': False, 'candidate_num': 0, 'alpha': 1.0}",1,10,,0.0,4,False,False,False,,"{'group_by': 'user', 'order': 'RO', 'split': {'RS': [0.8, 0.1, 0.1]}, 'mode': 'full'}",False,"['Recall', 'MRR', 'NDCG', 'Hit', 'MAP', 'Precision', 'GAUC', 'ItemCoverage', 'AveragePopularity', 'GiniIndex', 'ShannonEntropy', 'TailPercentage']",10,MRR@10,True,4096,4,64,1,0.01,	, ,user_id,item_id,rating,timestamp,,label,,neg_,[],"{'inter': ['user_id', 'item_id']}",,,,,,True,"[0,inf)","[0,inf)",,,,,,,,,item_length,_list,50,position_id,head_id,tail_id,relation_id,entity_id,False,"[0,inf)","[0,inf)",,ModelType.GENERAL,utf-8,mind,SpectralCF,cuda,ccf3c0e3-1778-4511-a934-f2161c5bdd09,MIND_SPECTRALCF_PARAMS_TUNING_1705171512
0,0,True,42,INFO,True,data/,saved/mind/SpectralCF,True,False,,False,,False,recbole,True,10,2048,adam,0.001,"{'distribution': 'uniform', 'sample_num': 1, 'dynamic': False, 'candidate_num': 0, 'alpha': 1.0}",1,10,,0.0,4,False,False,False,,"{'group_by': 'user', 'order': 'RO', 'split': {'RS': [0.8, 0.1, 0.1]}, 'mode': 'full'}",False,"['Recall', 'MRR', 'NDCG', 'Hit', 'MAP', 'Precision', 'GAUC', 'ItemCoverage', 'AveragePopularity', 'GiniIndex', 'ShannonEntropy', 'TailPercentage']",10,MRR@10,True,4096,4,128,1,0.003,	, ,user_id,item_id,rating,timestamp,,label,,neg_,[],"{'inter': ['user_id', 'item_id']}",,,,,,True,"[0,inf)","[0,inf)",,,,,,,,,item_length,_list,50,position_id,head_id,tail_id,relation_id,entity_id,False,"[0,inf)","[0,inf)",,ModelType.GENERAL,utf-8,mind,SpectralCF,cuda,990372e6-f37c-4769-bb27-5e60afb7668b,MIND_SPECTRALCF_PARAMS_TUNING_1705171512
0,0,True,42,INFO,True,data/,saved/mind/SpectralCF,True,False,,False,,False,recbole,True,100,2048,adam,0.0001,"{'distribution': 'uniform', 'sample_num': 1, 'dynamic': False, 'candidate_num': 0, 'alpha': 1.0}",1,10,,0.0,4,False,False,False,,"{'group_by': 'user', 'order': 'RO', 'split': {'RS': [0.8, 0.1, 0.1]}, 'mode': 'full'}",False,"['Recall', 'MRR', 'NDCG', 'Hit', 'MAP', 'Precision', 'GAUC', 'ItemCoverage', 'AveragePopularity', 'GiniIndex', 'ShannonEntropy', 'TailPercentage']",10,MRR@10,True,4096,4,64,2,0.003,	, ,user_id,item_id,rating,timestamp,,label,,neg_,[],"{'inter': ['user_id', 'item_id']}",,,,,,True,"[0,inf)","[0,inf)",,,,,,,,,item_length,_list,50,position_id,head_id,tail_id,relation_id,entity_id,False,"[0,inf)","[0,inf)",,ModelType.GENERAL,utf-8,mind,SpectralCF,cuda,a01f7cd3-11ed-4282-8c88-0fb34ce383d2,MIND_SPECTRALCF_PARAMS_TUNING_1705171512
0,0,True,42,INFO,True,data/,saved/mind/SpectralCF,True,False,,False,,False,recbole,True,10,2048,adam,0.01,"{'distribution': 'uniform', 'sample_num': 1, 'dynamic': False, 'candidate_num': 0, 'alpha': 1.0}",1,10,,0.0,4,False,False,False,,"{'group_by': 'user', 'order': 'RO', 'split': {'RS': [0.8, 0.1, 0.1]}, 'mode': 'full'}",False,"['Recall', 'MRR', 'NDCG', 'Hit', 'MAP', 'Precision', 'GAUC', 'ItemCoverage', 'AveragePopularity', 'GiniIndex', 'ShannonEntropy', 'TailPercentage']",10,MRR@10,True,4096,4,64,1,0.01,	, ,user_id,item_id,rating,timestamp,,label,,neg_,[],"{'inter': ['user_id', 'item_id']}",,,,,,True,"[0,inf)","[0,inf)",,,,,,,,,item_length,_list,50,position_id,head_id,tail_id,relation_id,entity_id,False,"[0,inf)","[0,inf)",,ModelType.GENERAL,utf-8,mind,SpectralCF,cuda,e2f82034-c546-4b5c-a817-d9737ad57f96,MIND_SPECTRALCF_PARAMS_TUNING_1705171512
0,0,True,42,INFO,True,data/,saved/mind/SpectralCF,True,False,,False,,False,recbole,True,100,2048,adam,0.001,"{'distribution': 'uniform', 'sample_num': 1, 'dynamic': False, 'candidate_num': 0, 'alpha': 1.0}",1,10,,0.0,4,False,False,False,,"{'group_by': 'user', 'order': 'RO', 'split': {'RS': [0.8, 0.1, 0.1]}, 'mode': 'full'}",False,"['Recall', 'MRR', 'NDCG', 'Hit', 'MAP', 'Precision', 'GAUC', 'ItemCoverage', 'AveragePopularity', 'GiniIndex', 'ShannonEntropy', 'TailPercentage']",10,MRR@10,True,4096,4,64,1,0.01,	, ,user_id,item_id,rating,timestamp,,label,,neg_,[],"{'inter': ['user_id', 'item_id']}",,,,,,True,"[0,inf)","[0,inf)",,,,,,,,,item_length,_list,50,position_id,head_id,tail_id,relation_id,entity_id,False,"[0,inf)","[0,inf)",,ModelType.GENERAL,utf-8,mind,SpectralCF,cuda,03ce7ea7-7417-4ee7-9c48-ac755e5e29d4,MIND_SPECTRALCF_PARAMS_TUNING_1705171512
0,0,True,42,INFO,True,data/,saved/mind/SpectralCF,True,False,,False,,False,recbole,True,10,2048,adam,0.01,"{'distribution': 'uniform', 'sample_num': 1, 'dynamic': False, 'candidate_num': 0, 'alpha': 1.0}",1,10,,0.0,4,False,False,False,,"{'group_by': 'user', 'order': 'RO', 'split': {'RS': [0.8, 0.1, 0.1]}, 'mode': 'full'}",False,"['Recall', 'MRR', 'NDCG', 'Hit', 'MAP', 'Precision', 'GAUC', 'ItemCoverage', 'AveragePopularity', 'GiniIndex', 'ShannonEntropy', 'TailPercentage']",10,MRR@10,True,4096,4,32,2,0.01,	, ,user_id,item_id,rating,timestamp,,label,,neg_,[],"{'inter': ['user_id', 'item_id']}",,,,,,True,"[0,inf)","[0,inf)",,,,,,,,,item_length,_list,50,position_id,head_id,tail_id,relation_id,entity_id,False,"[0,inf)","[0,inf)",,ModelType.GENERAL,utf-8,mind,SpectralCF,cuda,680f83dd-67c6-4a70-a08d-3faece67c023,MIND_SPECTRALCF_PARAMS_TUNING_1705171512
0,0,True,42,INFO,True,data/,saved/mind/SpectralCF,True,False,,False,,False,recbole,True,100,2048,adam,0.01,"{'distribution': 'uniform', 'sample_num': 1, 'dynamic': False, 'candidate_num': 0, 'alpha': 1.0}",1,10,,0.0,4,False,False,False,,"{'group_by': 'user', 'order': 'RO', 'split': {'RS': [0.8, 0.1, 0.1]}, 'mode': 'full'}",False,"['Recall', 'MRR', 'NDCG', 'Hit', 'MAP', 'Precision', 'GAUC', 'ItemCoverage', 'AveragePopularity', 'GiniIndex', 'ShannonEntropy', 'TailPercentage']",10,MRR@10,True,4096,4,128,1,0.003,	, ,user_id,item_id,rating,timestamp,,label,,neg_,[],"{'inter': ['user_id', 'item_id']}",,,,,,True,"[0,inf)","[0,inf)",,,,,,,,,item_length,_list,50,position_id,head_id,tail_id,relation_id,entity_id,False,"[0,inf)","[0,inf)",,ModelType.GENERAL,utf-8,mind,SpectralCF,cuda,33bf083b-763c-483b-a7a9-b8394405fe97,MIND_SPECTRALCF_PARAMS_TUNING_1705171512
0,0,True,42,INFO,True,data/,saved/mind/SpectralCF,True,False,,False,,False,recbole,True,10,2048,adam,0.001,"{'distribution': 'uniform', 'sample_num': 1, 'dynamic': False, 'candidate_num': 0, 'alpha': 1.0}",1,10,,0.0,4,False,False,False,,"{'group_by': 'user', 'order': 'RO', 'split': {'RS': [0.8, 0.1, 0.1]}, 'mode': 'full'}",False,"['Recall', 'MRR', 'NDCG', 'Hit', 'MAP', 'Precision', 'GAUC', 'ItemCoverage', 'AveragePopularity', 'GiniIndex', 'ShannonEntropy', 'TailPercentage']",10,MRR@10,True,4096,4,32,1,0.01,	, ,user_id,item_id,rating,timestamp,,label,,neg_,[],"{'inter': ['user_id', 'item_id']}",,,,,,True,"[0,inf)","[0,inf)",,,,,,,,,item_length,_list,50,position_id,head_id,tail_id,relation_id,entity_id,False,"[0,inf)","[0,inf)",,ModelType.GENERAL,utf-8,mind,SpectralCF,cuda,f3c575f7-01f5-4326-8b3c-4bdb089bb0d8,MIND_SPECTRALCF_PARAMS_TUNING_1705171512
0,0,True,42,INFO,True,data/,saved/mind/SpectralCF,True,False,,False,,False,recbole,True,10,2048,adam,0.001,"{'distribution': 'uniform', 'sample_num': 1, 'dynamic': False, 'candidate_num': 0, 'alpha': 1.0}",1,10,,0.0,4,False,False,False,,"{'group_by': 'user', 'order': 'RO', 'split': {'RS': [0.8, 0.1, 0.1]}, 'mode': 'full'}",False,"['Recall', 'MRR', 'NDCG', 'Hit', 'MAP', 'Precision', 'GAUC', 'ItemCoverage', 'AveragePopularity', 'GiniIndex', 'ShannonEntropy', 'TailPercentage']",10,MRR@10,True,4096,4,128,2,0.01,	, ,user_id,item_id,rating,timestamp,,label,,neg_,[],"{'inter': ['user_id', 'item_id']}",,,,,,True,"[0,inf)","[0,inf)",,,,,,,,,item_length,_list,50,position_id,head_id,tail_id,relation_id,entity_id,False,"[0,inf)","[0,inf)",,ModelType.GENERAL,utf-8,mind,SpectralCF,cuda,ebf12d59-b558-42d2-98ea-f26c3c830136,MIND_SPECTRALCF_PARAMS_TUNING_1705171512
0,0,True,42,INFO,True,data/,saved/mind/SpectralCF,True,False,,False,,False,recbole,True,100,2048,adam,0.01,"{'distribution': 'uniform', 'sample_num': 1, 'dynamic': False, 'candidate_num': 0, 'alpha': 1.0}",1,10,,0.0,4,False,False,False,,"{'group_by': 'user', 'order': 'RO', 'split': {'RS': [0.8, 0.1, 0.1]}, 'mode': 'full'}",False,"['Recall', 'MRR', 'NDCG', 'Hit', 'MAP', 'Precision', 'GAUC', 'ItemCoverage', 'AveragePopularity', 'GiniIndex', 'ShannonEntropy', 'TailPercentage']",10,MRR@10,True,4096,4,128,1,0.01,	, ,user_id,item_id,rating,timestamp,,label,,neg_,[],"{'inter': ['user_id', 'item_id']}",,,,,,True,"[0,inf)","[0,inf)",,,,,,,,,item_length,_list,50,position_id,head_id,tail_id,relation_id,entity_id,False,"[0,inf)","[0,inf)",,ModelType.GENERAL,utf-8,mind,SpectralCF,cuda,4552054d-9db5-496a-a1bb-1ae3bb761ca8,MIND_SPECTRALCF_PARAMS_TUNING_1705171512
0,0,True,42,INFO,True,data/,saved/mind/SpectralCF,True,False,,False,,False,recbole,True,100,2048,adam,0.001,"{'distribution': 'uniform', 'sample_num': 1, 'dynamic': False, 'candidate_num': 0, 'alpha': 1.0}",1,10,,0.0,4,False,False,False,,"{'group_by': 'user', 'order': 'RO', 'split': {'RS': [0.8, 0.1, 0.1]}, 'mode': 'full'}",False,"['Recall', 'MRR', 'NDCG', 'Hit', 'MAP', 'Precision', 'GAUC', 'ItemCoverage', 'AveragePopularity', 'GiniIndex', 'ShannonEntropy', 'TailPercentage']",10,MRR@10,True,4096,4,128,2,0.01,	, ,user_id,item_id,rating,timestamp,,label,,neg_,[],"{'inter': ['user_id', 'item_id']}",,,,,,True,"[0,inf)","[0,inf)",,,,,,,,,item_length,_list,50,position_id,head_id,tail_id,relation_id,entity_id,False,"[0,inf)","[0,inf)",,ModelType.GENERAL,utf-8,mind,SpectralCF,cuda,dc859dc3-a67a-432d-aea2-333c0599d77c,MIND_SPECTRALCF_PARAMS_TUNING_1705171512
